ticker,site,headline,date
AAPL,bbc,Five big things that have made Apple,2018-08-03
AAPL,bbc,Apple hints at lower iPhone prices as sales fall,2019-01-30
AAPL,bbc,'First Apple computer' sells for $815000 - BBC News,2016-08-26
AAPL,bbc,Apple apologises for slowing older iPhones down,2017-12-29
AAPL,bbc,Apple's iPhone 11 Pro and 'always-on' Watch unveiled,2019-09-10
AAPL,bbc,The Inquiry | Why Doesn't Apple Pay More Tax?,2017-11-23
AAPL,bbc,Apple: iPhone 7 helps US giant return to growth,2017-02-01
AAPL,bbc,Apple rejects order to unlock gunman's phone,2016-02-17
AAPL,bbc,Apple is first public company worth $1 trillion,2018-08-02
AAPL,bbc,Apple Watch: Why it's set at 10:09,2015-03-10
AAPL,bbc,Apple dissolves iTunes into new apps,2019-06-03
AAPL,bbc,Apple and Qualcomm settle billion-dollar lawsuit,2019-04-17
AAPL,bbc,Four reasons that Apple shares have been falling,2018-11-20
AAPL,bbc,Apple's iPhones slowed to tackle ageing batteries,2017-12-21
AAPL,bbc,Apple's 'sexist' credit card investigated by US regulator,2019-11-11
AAPL,bbc,Apple iPhone XS unveiled alongside fall-detecting Watch,2018-09-12
AAPL,bbc,"Apple Watch: The smartwatch ships, but does it deliver?",2015-04-24
AAPL,bbc,Apple iPhone X: The internet reacts,2017-09-12
AAPL,bbc,Angry Frenchman destroys iPhones at a Dijon Apple Store,2016-09-30
AAPL,bbc,Apple iPhone sales drop at record pace,2019-05-01
AAPL,bbc,Apple investigated by France for 'planned obsolescence',2018-01-08
AAPL,bbc,Can health services handle the Apple Watch?,2018-09-13
AAPL,bbc,Apple in 2016: Is the mighty iPhone in decline?,2016-01-26
AAPL,bbc,Google reveals fistful of flaws in Apple's iMessage app,2019-07-30
AAPL,bbc,Apple loses trademark fight over 'iPhone' name in China,2016-05-04
AAPL,bbc,Paradise Papers: Apple's secret tax bolthole revealed,2017-11-06
AAPL,bbc,Apple brings ad-blocker extensions to Safari on iPhones,2015-09-08
AAPL,bbc,Apple iPhone X: The network of suppliers set to benefit,2017-09-13
AAPL,bbc,Imagination Technologies' shares plunge after Apple ends,2017-04-03
AAPL,bbc,Apple in court over 30% app commission,2018-11-26
AAPL,bbc,Apple Watch owners asked to return devices for repair after,2018-10-31
AAPL,bbc,Apple iCloud: State firm hosts user data in China,2018-07-18
AAPL,bbc,US pushes Apple for access to iPhones in criminal cases,2016-04-08
AAPL,bbc,Apple posts the biggest quarterly profit in history,2015-01-28
AAPL,bbc,FBI-Apple case: Investigators break into dead San,2016-03-29
AAPL,bbc,Apple Card can be damaged by wallets and jeans,2019-08-22
AAPL,bbc,A brief history of Apple's iTunes,2019-06-04
AAPL,bbc,Apple fixes iPhone letter 'i' bug,2017-11-10
AAPL,bbc,Apple to create $1bn Texas base,2018-12-13
AAPL,bbc,Original working Apple-I computer fetches $375000 at,2018-09-25
AAPL,bbc,Apple: 'US Founders would be appalled',2016-03-16
AAPL,bbc,Apple changes Crimea map to meet Russian demands,2019-11-27
AAPL,bbc,Apple Music changes policy after Taylor Swift stand,2015-06-22
AAPL,bbc,Apple asks court to reverse FBI iPhone order,2016-02-25
AAPL,bbc,Apple v the FBI - a plain English guide,2016-02-18
AAPL,bbc,Regent Street Apple store guard threatened by moped gang,2017-11-13
AAPL,bbc,How climate change could kill the red apple,2019-11-20
AAPL,bbc,Apple awarded $539m in US patent case against Samsung,2018-05-24
AAPL,bbc,Can a new apple take over the world?,2019-10-16
AAPL,bbc,Man sues Apple claiming iPhone turned him gay,2019-10-04
AAPL,bbc,Apple explains Face ID on-stage failure,2017-09-14
AAPL,bbc,Apple at 40: The forgotten founder who gave it all away,2016-04-01
AAPL,bbc,Apple boss Tim Cook hits back at FBI investigation,2016-02-25
AAPL,bbc,Apple brings Siri to Macs and lets it talk to apps,2016-06-13
AAPL,bbc,The birthplace of the modern apple,2018-11-21
AAPL,bbc,"Apple to start making iPhones in India, says state government",2017-02-03
AAPL,bbc,Apple's App Store infected with XcodeGhost malware in,2015-09-21
AAPL,bbc,Apple tax case: Why is Ireland refusing billions?,2016-09-07
AAPL,bbc,Swatch succeeds in trademark case over Apple 'iWatch',2016-09-13
AAPL,bbc,What should Apple do next?,2016-04-27
AAPL,bbc,"Apple iPhone sales fall, but beat estimates",2016-10-25
AAPL,bbc,Apple responds to iPhone factory criticism,2019-09-09
AAPL,bbc,Apple turns stores into classrooms - BBC News,2015-12-07
AAPL,bbc,Apple to pay $38bn on foreign cash pile,2018-01-17
AAPL,bbc,Apple stops selling Nest products in its US stores,2015-07-24
AAPL,bbc,Apple's China warning 'deflects deeper problems' for firm,2019-01-02
AAPL,bbc,Apple backed by judge in new iPhone access fight,2016-02-29
AAPL,bbc,Apple found guilty of Russian price-fixing,2017-03-15
AAPL,bbc,Apple launches red iPhone 7 and video app,2017-03-21
AAPL,bbc,Apple faces battery pledge complaints,2018-05-01
AAPL,bbc,Apple rushes to fix FaceTime 'eavesdropping' bug,2019-01-29
AAPL,bbc,Apple Pay is finally launching in the UK - here's where and,2015-07-14
AAPL,bbc,Apple accused of iPhone 6 'touch disease' defect,2016-08-24
AAPL,bbc,Apple removes vaping apps from app store,2019-11-15
AAPL,bbc,Apple investors urge action on 'smartphone addiction',2018-01-08
AAPL,bbc,Apple and Google show off rival augmented-reality tech,2017-08-30
AAPL,bbc,Apple and Samsung fined by Italian authorities over slow,2018-10-24
AAPL,bbc,Apple jams Facebook's web-tracking tools,2018-06-04
AAPL,bbc,The logic in Apple buying McLaren,2016-09-21
AAPL,bbc,"Apple, angry at Google, hits back at hack claims",2019-09-06
AAPL,bbc,Apple set to join Dow Jones replacing AT&T,2015-03-06
AAPL,bbc,Trump's tariffs puts Apple's golden goose at risk,2019-09-09
AAPL,bbc,Apple Shazam: Why is the US company buying the music,2017-12-11
AAPL,bbc,US tech giant Apple scraps plans for Galway data centre,2018-05-10
AAPL,bbc,Tech Tent: Apple takes a stand on design,2019-06-07
AAPL,bbc,Tesla chief Elon Musk says Apple is making an electric car,2016-01-11
AAPL,bbc,Apple backed by more online giants in FBI iPhone unlock,2016-03-04
AAPL,bbc,Why is Apple struggling in China?,2017-08-01
AAPL,bbc,Is Apple getting sloppy?,2017-11-29
AAPL,bbc,Apple iPhone X adopts facial recognition and OLED screen,2017-09-12
AAPL,bbc,Apple punishes Google over app rules,2019-01-31
AAPL,bbc,Why is Apple sitting on $142bn?,2015-01-28
AAPL,bbc,Apple Pay to be available in China from this week,2016-02-18
AAPL,bbc,Apple worries 'an overreaction' - Cook,2016-05-03
AAPL,bbc,Apple v FBI: US debates a world without privacy,2016-03-02
AAPL,bbc,Apple Stores to employ human trafficking victims,2018-11-14
AAPL,bbc,Taylor Swift pulls 1989 album from Apple Music,2015-06-21
AAPL,bbc,Apple to pay teenager who found FaceTime bug,2019-02-08
AAPL,bbc,Early Apple computer fails to sell,2015-09-22
AAPL,bbc,Dongle dilemma provokes Apple price cut,2016-11-04
AAPL,bbc,iPhones 'disabled' if Apple detects third-party repairs,2016-02-05
AAPL,bbc,Apple in $100bn share buyback as more money returned,2018-05-01
AAPL,bbc,Apple to issue fix for Facetime bug,2019-02-01
AAPL,bbc,Apple Store worker 'texts himself customer's intimate photo',2019-11-13
AAPL,bbc,Apple aims for bigger bite of music market,2015-06-30
AAPL,bbc,Apple and Samsung end patent fight after seven long years,2018-06-27
AAPL,bbc,Apple Watch bug allowed iPhone eavesdropping,2019-07-11
AAPL,bbc,Apple patent case: Wisconsin university wins huge damages,2015-10-17
AAPL,bbc,Apple FaceTime car crash lawsuit dismissed,2018-12-17
AAPL,bbc,Apple sued over 'shrinking' gadget storage - BBC News,2015-01-02
AAPL,bbc,Cosmic Crisp: New apple launched that 'lasts for a year',2019-11-30
AAPL,bbc,Samsung to pay Apple $548m over patent row,2015-12-04
AAPL,bbc,"Sean Spicer, Trump press secretary, confronted in Apple",2017-03-13
AAPL,bbc,'Gas leak' iPad prompts Apple shop evacuation,2018-08-21
AAPL,bbc,Apple pulls New York Times app from China app store,2017-01-05
AAPL,bbc,Apple's iPhone 11 Pro 'triggering' fear of holes,2019-09-11
AAPL,bbc,Red Sox 'cheated using Apple Watch',2017-09-05
AAPL,bbc,Amazon bars the sale of Apple and Google TV devices,2015-10-02
AAPL,bbc,Woman 'fined $500 over free Delta Air Lines flight apple',2018-04-23
AAPL,bbc,Apple v Amazon: Battle of the titans,2018-09-07
AAPL,bbc,Donald Trump demands Apple boycott to force it to unlock,2016-02-19
AAPL,bbc,Artists thank Taylor Swift for stand on Apple,2015-06-22
AAPL,bbc,Apple wins appeal over smartphone patents,2015-09-18
AAPL,bbc,Will Apple's latest phones capture India's growing market?,2019-09-11
AAPL,bbc,Apple changes rules on app 'loot boxes',2017-12-21
AAPL,bbc,Why Apple and Google are moving into solar energy,2016-10-14
AAPL,bbc,Apple patents concert camera blocker,2016-06-30
AAPL,bbc,Apple drops Hong Kong police-tracking app used,2019-10-09
AAPL,bbc,The teenager obsessed with retro Apple tech,2016-05-21
AAPL,bbc,"Apple, Samsung and Microsoft react to Wikileaks' CIA dump",2017-03-08
AAPL,bbc,Apple 'pulls 60 VPNs from China App Store',2017-07-31
AAPL,bbc,A robot in Australia is queuing at the Apple shop for an,2015-09-24
AAPL,bbc,Apple blames China for sales forecast cut,2019-01-03
AAPL,bbc,Apple-Samsung patent battle revived in California court,2018-05-14
AAPL,bbc,Apple to take 'deeper look' at disputed borders,2019-11-29
AAPL,bbc,Apple Mac computers targeted by ransomware and spyware,2017-06-13
AAPL,bbc,"Apple, Samsung and Sony face child labour claims",2016-01-19
AAPL,bbc,Apple says iPhones safe despite China 'fires',2016-12-07
AAPL,bbc,Apple defends removing parental control apps,2019-04-29
AAPL,bbc,Microsoft beats Apple for biggest market value,2018-11-30
AAPL,bbc,Original Bramley apple tree in Southwell is dying,2016-07-19
AAPL,bbc,Apple defends complying with China over VPNs,2017-08-01
AAPL,bbc,Apple 'sorry' that workers listened to Siri voice recordings,2019-08-28
AAPL,bbc,Apple complains Amazon's US site is selling fake products,2016-10-20
AAPL,bbc,Apple's Italian job for finding top talent,2017-05-17
AAPL,bbc,Apple's iPhone 7 ditches traditional headphone socket,2016-09-07
AAPL,bbc,Apple pays disputed Irish tax bill,2018-09-18
AAPL,bbc,Warren Buffett reveals $1bn Apple stake,2016-05-16
AAPL,bbc,Apple to fix iPhone 6 Plus 'touch disease' for a fee,2016-11-18
AAPL,bbc,Carl Icahn dumps Apple shares over China fears,2016-04-29
AAPL,bbc,Apple fixes Safari crash search bug,2016-01-27
AAPL,bbc,Apple fights back with appeal against EU Irish tax ruling,2016-12-19
AAPL,bbc,Faceshift: Apple buys Star Wars motion-capture company,2015-11-25
AAPL,bbc,Apple tax: Irish cabinet to appeal against EU ruling,2016-09-02
AAPL,bbc,Apple tackles iPhone one-tap spyware flaws,2016-08-26
AAPL,bbc,"Apple App Store prices rise in UK, India and Turkey",2017-01-17
AAPL,bbc,Dow Jones: 'Google acquires Apple' news was 'error',2017-10-11
AAPL,bbc,Sofia Coppola to direct Bill Murray in Apple's first film,2019-01-16
AAPL,bbc,Apple takes Swatch to court over 'Tick Different' ads,2017-04-12
AAPL,bbc,"Apple's HomePod: Superb sound, but how smart?",2017-06-05
AAPL,bbc,Apple rushes out fix to Telugu letter text bomb bug,2018-02-20
AAPL,bbc,"Taylor Swift will now be on Apple Music, after royalties",2015-06-25
AAPL,bbc,Taylor forces Apple to listen,2015-06-22
AAPL,bbc,Apple Music's Jimmy Iovine says streaming services are ',2018-03-24
AAPL,bbc,Apple might be changing its iPhone font but will you notice?,2015-05-21
AAPL,bbc,Canada farm that gave birth to the McIntosh apple up for sale,2018-10-09
AAPL,bbc,Apple silent amid iPhone 'chargegate' complaints,2018-10-01
AAPL,bbc,Are the health claims about apple cider vinegar true?,2016-09-01
AAPL,bbc,Eddy Cue: Apple's dad-dancing problem-solver,2015-06-22
AAPL,bbc,Google and Apple remove alleged UAE spy app ToTok,2019-12-23
AAPL,bbc,Apple fined for misleading customers in Australia,2018-06-18
AAPL,bbc,Apple files stored by teen in 'hacky hack hack' folder,2018-08-17
AAPL,bbc,Apple's Jonathan Ive says immigration vital for UK firms,2017-05-25
AAPL,bbc,Apple Music: What you need to know as it launches,2015-06-30
AAPL,bbc,Apple removes designer Ive from leadership page,2019-11-28
AAPL,bbc,Apple wins Australia ruling to retain Apple Pay dominance,2017-03-31
AAPL,bbc,Apple's Tim Cook confirms self-driving car plans,2017-06-14
AAPL,bbc,Apple abandons AirPower wireless charging product,2019-03-29
AAPL,bbc,Apple expected to unveil new iPhone 7,2016-09-07
AAPL,bbc,Apple invests in Chinese Uber rival Didi Chuxing,2016-05-13
AAPL,bbc,"Apple conspired to fix e-book prices, US court rules",2015-06-30
AAPL,bbc,Apple adds Touch Bar to MacBook Pro laptops,2016-10-27
AAPL,bbc,Apple Music festival cancelled after 10 years,2017-09-05
AAPL,bbc,"Amazon, Apple and Google face data complaints",2019-01-21
AAPL,bbc,Apple says tattoos can cause watch problems - BBC News,2015-04-30
AAPL,bbc,Why Apple's red iPhones are not 'Red' in China,2017-03-24
AAPL,bbc,Apple tackles calendar spam with 'report junk' button,2016-12-12
AAPL,bbc,Apple investigating swollen batteries in iPhone 8 Plus,2017-10-09
AAPL,bbc,Boundless Inspiration in the Big Apple,2019-05-06
AAPL,bbc,Apple checking 'exploding' iPhone video,2017-02-24
AAPL,bbc,Ukrainians condemn Apple's Crimea map change,2019-11-28
AAPL,bbc,Apple Maps: Grand plan to fix iPhone Maps app,2018-06-29
AAPL,bbc,iPhone security loophole used by police closed by Apple,2018-06-13
AAPL,bbc,Apple's new AirPods have Siri built-in,2019-03-20
AAPL,bbc,Apple removes 'wrong apps' in gambling purge,2018-08-09
AAPL,bbc,Apple wins iPhone 6 patent battle in China - BBC News,2017-03-27
AAPL,bbc,How Apple's iPhone has changed through the years,2019-06-28
AAPL,bbc,Apple customer goes to the top for iPhone battery answer,2016-03-11
AAPL,bbc,Tumblr removed from Apple app store over abuse images,2018-11-20
AAPL,bbc,Angela Ahrendts: Former Burberry boss to step down from,2019-02-05
AAPL,bbc,China rules against Apple over iPhone patent claim,2016-06-17
AAPL,bbc,Apple to discontinue iPod nano and shuffle,2017-07-28
AAPL,bbc,"Apple, Google and Amazon decide to 'play nice' over smart",2019-12-18
AAPL,bbc,"Apple, Twitter and Facebook under scrutiny",2016-04-26
AAPL,bbc,How a 'Pen-Pineapple-Apple-Pen' earworm took over the,2016-09-27
AAPL,bbc,Apple Music gets Android app,2015-11-11
AAPL,bbc,Apple's 'hidden' job ad found online,2017-08-21
AAPL,bbc,BBC iPlayer app coming to Apple TV 'in coming months',2015-10-29
AAPL,bbc,Apple accused of crackdown on jailbreaking,2019-12-31
AAPL,bbc,Samsung takes over AI pioneer and creators of Apple's Siri,2016-10-06
AAPL,bbc,Apple's Tim Cook prefers augmented reality to VR,2017-10-11
AAPL,bbc,Marian Hill: 'An Apple advert kick-started our career',2017-07-22
AAPL,bbc,China shuts Apple's film and book services,2016-04-22
AAPL,bbc,Here's what happened on Zane Lowe's first show for Apple,2015-06-30
AAPL,bbc,Festival to celebrate 200-year-old Bramley apple,2015-10-24
AAPL,bbc,Apple plug recall over safety concerns,2016-01-28
AAPL,bbc,"Most Apple Pay payments will have £20 limit, banks say",2015-06-09
AAPL,bbc,Apple 'loses money on phone repairs',2019-11-21
AAPL,bbc,Apple and Russia face off over Telegram on App Store,2018-05-30
AAPL,bbc,Ikigo Apple - BBC News Gahuza,2019-11-24
AAPL,bbc,Apple ordered to pull iPhones from stores in Germany,2019-01-03
AAPL,bbc,Apple to create London home at Battersea Power Station,2016-09-28
AAPL,bbc,Apple cancels The Banker film premiere over 'concerns',2019-11-21
AAPL,bbc,Apple and Amazon deny China hack claims,2018-10-05
AAPL,bbc,Apple - BBC News Pidgin,2019-12-24
AAPL,bbc,Google takes on Apple with Android Pay,2015-09-10
AAPL,bbc,Apple apologises for iPhone 'error 53' and issues fix,2016-02-19
AAPL,bbc,Apple users angered over 'staingate' screen damage,2015-07-10
AAPL,bbc,Google's Schmidt - Apple is wrong about our privacy,2015-06-19
AAPL,bbc,Apple 'paid no tax' in New Zealand for at least a decade,2017-03-23
AAPL,bbc,Nokia sues Apple in patent dispute,2016-12-21
AAPL,bbc,Samsung Nigeria tweets update using Apple iPhone,2018-12-03
AAPL,bbc,Apple's iOS 11 kills old 32-bit iPhone and iPad apps,2017-09-19
AAPL,bbc,Apple tackles iOS 9.3 update glitch,2016-03-25
AAPL,bbc,What Apple and Standard Chartered have in common,2015-04-28
AAPL,bbc,Apple and Nokia to 'co-operate' after settling patent row,2017-05-23
AAPL,bbc,BBC One - Apple Tree Yard,2017-10-19
AAPL,bbc,Other Apple issues Taylor Swift is being asked to fix,2015-06-22
AAPL,bbc,Game of Thrones: Now TV glitch hits Apple TV owners,2019-04-16
AAPL,bbc,Apple farm boss Andrew Stocker jailed over deaths,2015-07-01
AAPL,bbc,Apple employee 'stole driverless car secrets',2018-07-11
AAPL,bbc,"You think Apple's new Airpods look like toothbrushes, tiny",2016-09-08
AAPL,bbc,Apple sued over fatal 'FaceTime crash',2017-01-03
AAPL,bbc,'Text bomb' is latest Apple bug,2018-01-17
AAPL,bbc,"Apple recalls plugs in UK, Hong Kong and Singapore",2019-04-26
AAPL,bbc,Why is Apple's Tim Cook visiting India?,2016-05-20
AAPL,bbc,Who is Apple's top designer Jony Ive?,2019-06-28
AAPL,bbc,Cheap 'Apple Watch' copies on sale via Alibaba site,2015-03-11
AAPL,bbc,Apple suffers 'major iPhone X leak',2017-09-10
AAPL,bbc,Apple AI accused of leading to man's wrongful arrest,2019-04-23
AAPL,bbc,Apple confirms iPhone source code leak,2018-02-09
AAPL,bbc,'China spy attack hits Apple and Amazon',2018-10-04
AAPL,bbc,Apple need to put eye for bug matter - Developer,2018-01-19
AAPL,bbc,Apple throws Instagram 'stalker' app off store,2019-11-11
AAPL,bbc,BBC Learning English - News Report / Apple vs the FBI,2016-03-22
AAPL,bbc,Apple 'hacker' spared jail over iCloud blackmail,2019-12-27
AAPL,bbc,Former Apple lawyer charged with insider trading,2019-02-13
AAPL,bbc,La curiosa batalla que dos hermanos italianos le ganaron,2018-01-04
AAPL,bbc,Apple farm boss Andrew Stocker guilty of manslaughter,2015-06-19
AAPL,bbc,Apple fires staff amid claims intimate photos shared in,2016-10-13
AAPL,bbc,Apple hit with complaint by South Korean consumer group,2018-01-19
AAPL,bbc,¿es la dependencia del iPhone un problema para Apple?,2015-07-21
AAPL,bbc,Apple 'to pay €318m' to settle Italy tax fraud case,2015-12-30
AAPL,bbc,The iPhone at 10: How the smartphone became so smart,2016-12-26
AAPL,bbc,'Sweating bullets' - The inside story of the first iPhone,2017-01-09
AAPL,bbc,John McAfee offers to unlock killer's iPhone for FBI,2016-02-19
AAPL,bbc,iPhone - a moment in history - BBC News,2017-01-09
AAPL,bbc,iPhone X: 10 key moments leading up to the new handset,2017-09-11
AAPL,bbc,Who are the hackers who cracked the iPhone? - BBC News,2016-08-26
AAPL,bbc,iPhone designer Jony Ive to leave Apple,2019-06-28
AAPL,bbc,iPhone 5 users risk losing internet access,2019-10-28
AAPL,bbc,Israel's Cellebrite linked to FBI's iPhone hack attempt,2016-03-23
AAPL,bbc,Google finds 'indiscriminate iPhone attack lasting years',2019-08-29
AAPL,bbc,Is anyone really drilling earphone jacks into their iPhone?,2016-09-27
AAPL,bbc,DON'T set your iPhone to 1 January 1970 or you'll break it,2016-02-17
AAPL,bbc,Apple lanza el iPhone SE: ¿por qué vuelve a apostar,2016-03-21
AAPL,bbc,Fans angry over 'missing' iPhone 7 headphone socket,2016-06-23
AAPL,bbc,Motorola phone 'brazen copy' of iPhone X,2018-08-16
AAPL,bbc,iPhone X: Why did people queue up overnight?,2017-11-03
AAPL,bbc,Google 'paid Apple $1bn in 2014 to keep search on iPhone',2016-01-22
AAPL,bbc,iPhone Xs: 4 new tins wey Apple put for dia new phone,2018-09-13
AAPL,bbc,BBC News iPhone and iPad app: Help guide for iOS devices,2015-07-03
AAPL,bbc,"IPhone fire left me with severe burns, says cyclist",2016-08-02
AAPL,bbc,Cómo cambiarte de iPhone a Android sin perder tus datos,2015-07-21
AAPL,bbc,Foxconn stops interns' illegal overtime at iPhone X factory,2017-11-22
AAPL,bbc,Por qué el nuevo iPhone X de Apple no es tan,2017-09-13
AAPL,bbc,Apple engineer 'fired' over early iPhone X leak,2017-10-30
AAPL,bbc,'More than 600 apps had access to my iPhone data',2018-04-09
AAPL,bbc,Sofi Tukker: Who are the band on the iPhone X advert?,2017-09-12
AAPL,bbc,Turner Prize 2018: iPhone artist Charlotte Prodger wins,2018-12-04
AAPL,bbc,Apple's iOS 11 update ends support for iPhone 5 and 5C,2017-06-06
AAPL,bbc,Tangerine: IPhone movie shows Hollywood's unseen side,2015-11-13
AAPL,bbc,iPhone users fooled by fake ransomware - BBC News,2017-03-29
AAPL,bbc,IPhone X to use 'black box' anti-spoof Face ID tech,2017-09-27
AAPL,bbc,iPhone update adds privacy 'transparency',2018-03-29
AAPL,bbc,IPhone users hit by 'calendar spam' - BBC News,2016-11-29
AAPL,bbc,iPhone X: Di new phone wey Apple release,2017-09-12
AAPL,bbc,Man dies charging iPhone while in the bath,2017-03-17
AAPL,bbc,Cuánto le cuestan a Apple los componentes de un iPhone,2019-08-01
AAPL,bbc,Essex scuba diver returns iPhone found in ocean to tourist,2018-07-12
AAPL,bbc,There's a text that'll crash your iPhone,2015-05-27
AAPL,bbc,iPhone 11: cuáles son las novedades y carencias del,2019-09-10
AAPL,bbc,Men accused of $1m fake iPhone scam,2019-04-09
AAPL,bbc,iPhone Xs y Apple Watch 4: ¡Más grandes! ¡Más rápidos!,2018-09-12
AAPL,bbc,Your pocket reach to buy Apple cheapest iPhone?,2018-06-18
AAPL,bbc,China says Trump should swap iPhone for Huawei amid,2018-10-25
AAPL,bbc,Emma Blackery unexpectedly stars at iPhone X launch,2017-09-13
AAPL,bbc,¿Cómo logró el FBI desbloquear el iPhone del atacante de,2016-03-29
AAPL,bbc,IPhone glitter cases recalled over reports of burns,2017-08-02
AAPL,bbc,The best and worst inventions of 2007 as the iPhone turns 10,2017-06-29
AAPL,bbc,Apple 'to unveil new iPhone models',2018-08-29
AAPL,bbc,Shirkadda Apple oo iPhone 7 soo bandhigeysa,2016-09-07
AAPL,bbc,Why iPhone users shouldn't say 108 to Siri,2017-03-19
AAPL,bbc,¿Está más lento tu iPhone? Apple reconoce por primera,2017-12-21
AAPL,bbc,"iPhone 7, Airpods and courage: the internet reacts",2016-09-08
AAPL,bbc,Dalai Lama launches free iPhone app,2017-12-14
AAPL,bbc,China: Sperm banks entice donors with iPhone cash,2015-09-16
AAPL,bbc,La historia secreta detrás de la creación del primer iPhone,2017-01-09
AAPL,bbc,Iphone 11: maxay tahay sababta ay dadka qaar uga helin,2019-09-15
AAPL,bbc,Taser iPhone seized by police,2015-05-15
AAPL,bbc,Bye-bye to iPhone 7 with 256GB: Apple don phase am out,2017-10-23
AAPL,bbc,Super Mario Run launches on the iPhone and iPad,2016-12-16
AAPL,bbc,Huawei staff punished after official tweet posted 'via iPhone',2019-01-04
AAPL,bbc,Shirkadda Apple oo qiratay in ay dhinto tayada,2017-12-22
AAPL,bbc,"Video of smoking iPhone 7 goes viral, and Depeche Mode",2017-02-24
AAPL,bbc,FBI oo furtay IPhone-kii Syed Farook - BBC News Somali,2016-03-29
AAPL,bbc,Appil saffisa bilbila 'iPhone' moodeelota durii xiqqeessuu,2017-12-29
AAPL,bbc,"iPhone X: Imala ganna 10ni, attamiin bilbiloonni kunneen",2017-09-12
AAPL,bbc,Por qué el nuevo iPhone X de Apple tiene uno de los,2017-09-14
AAPL,bbc,Apple ya fitar kananan iPhone da iPad Pro,2016-03-22
AAPL,bbc,iPhone 11: qué es la tripofobia y por qué hace que muchos,2019-09-11
AAPL,bbc,¿Qué puedes hacer si tu iPhone o iPad no es compatible,2017-06-07
AAPL,bbc,"El error de Apple que permite ""liberar"" los iPhone (pero",2019-08-20
AAPL,bbc,Cinikin wayar iPhone ya ja baya sosai a kasuwanni,2017-05-03
AAPL,bbc,El tío olvidado de Steve Jobs sin el que el iPhone no sería,2016-12-10
AAPL,bbc,Estos son los modelos de iPhone en los que no funcionará,2017-06-06
AAPL,bbc,Por qué el nuevo iPhone rojo de Apple no es “Rojo” en,2017-03-25
AAPL,bbc,Por qué tu iPhone 5 puede dejar de funcionar el 3 de,2019-10-28
AAPL,bbc,El experimento que revela cómo tu iPhone analiza tus fotos,2019-01-25
AAPL,bbc,Las novedades y dudas que plantea el nuevo iPhone X,2017-09-12
AAPL,bbc,Por qué Apple no vendía el iPhone en Argentina y ahora,2017-04-06
AAPL,bbc,Cómo consigue Apple hacer dinero más allá de su famoso,2017-08-02
AAPL,bbc,El joven que vendió un riñón para comprar un iPhone y,2019-01-14
AAPL,bbc,10 años del iPhone: 5 cosas que el popular teléfono de,2017-06-29
AAPL,bbc,la innovadora tecnología de los nuevos iPhone XS,2018-09-21
AAPL,bbc,El gobierno de EE.UU. logra acceder al contenido del,2016-03-29
AAPL,bbc,"Apple pide disculpas por ralentizar los iPhone ""viejos"" de",2017-12-29
AAPL,bbc,Google yatoye imigera yateye amatelefone iPhone ya,2019-08-31
AAPL,bbc,Cuál es la nueva solución de Apple para los usuarios,2018-01-26
AAPL,bbc,5 diseños del hombre detrás del iPhone que quizás no,2019-07-01
AAPL,bbc,las duras críticas al nuevo teléfono inteligente de Motorola,2018-08-16
AAPL,bbc,Nuevo iPhone de Apple: por qué los aranceles de Trump a,2019-09-10
AAPL,bbc,¿Realmente hay gente haciéndole agujeros a su iPhone 7,2016-09-28
AAPL,bbc,qué dicen las primeras críticas del nuevo teléfono de Apple,2017-11-01
AAPL,bbc,"Qué es el ""toque fantasma"" del iPhone X y qué ofrece",2018-11-13
AAPL,bbc,美中貿易戰：iPhone逃過一劫跨國企業面臨窘境,2018-07-13
AAPL,bbc,Woman sues US border agents over seized iPhone,2018-08-24
AAPL,bbc,"Jony Ive, el emblemático diseñador del iPhone, el iPod y",2019-06-28
AAPL,bbc,"3 novedades de iOS10, el nuevo sistema operativo",2016-07-08
AAPL,bbc,Apple ralentit volontairement les anciens modèles d'iPhone,2017-12-22
AAPL,bbc,Etes-vous plutôt Android ou iPhone ?,2019-01-09
AAPL,bbc,Cómo se filtró en internet el código secreto del iPhone y,2018-02-12
AAPL,bbc,Find My iPhone crowd catches Coachella festival 'thief',2017-04-18
AAPL,bbc,1970: el año que puede apagar para siempre a tu iPhone,2016-02-15
AAPL,bbc,Cómo Google puso al descubierto 6 maneras de hackear,2019-07-30
AAPL,bbc,El desafortunado error de traducción que convirtió,2016-09-12
AAPL,bbc,Cuáles son los audífonos que puedes usar con el nuevo,2016-09-12
AAPL,bbc,Las mejores fotos tomadas con un iPhone,2016-07-12
AAPL,bbc,"Продажи iPhone резко упали. В Apple говорят, что они",2019-05-01
AAPL,bbc,Apple yeni model telefonlarında hangi özelliklere güveniyor?,2019-09-09
AAPL,bbc,Cómo el iPhone de Apple fue cambiando con el tiempo,2019-02-02
AAPL,bbc,¿Cuán frágiles son los polémicos Samsung Galaxy S6 y el,2015-04-08
AAPL,bbc,"Apple pide revertir la orden del FBI de desbloquear el """,2016-02-26
AAPL,bbc,Guía práctica para pasar de un celular Android a un,2015-07-22
AAPL,bbc,Lo nuevo del iPhone X y otras predicciones tecnológicas,2017-09-18
AAPL,bbc,Quanto custam as peças do iPhone (em comparação com,2019-08-17
AAPL,bbc,El “Error 53” que amenaza con matar tu iPhone 6 si,2016-02-08
AAPL,bbc,El iPhone que podría aclarar la misteriosa desaparición en,2016-05-03
AAPL,bbc,¿Hackearon el iPhone de Trump? China y Rusia se burlan,2018-10-25
AAPL,bbc,Apple извинилась за замедление старых iPhone,2017-12-29
AAPL,bbc,Simu mpya ya Apple iPhone 7 isiyo na headphone za,2016-09-08
AAPL,bbc,Как купить новый iPhone и не попасть на мошенника,2017-11-03
AAPL,bbc,Por qué Apple renuncia al cargador inalámbrico para,2019-04-01
AAPL,bbc,China: 'Ukinunua iPhone 7 umejifuta kazi!',2016-10-05
AAPL,bbc,FBI: iphone-ka Bernardo in aan furnaa laga yaabaa,2016-03-22
AAPL,bbc,iPhone X: 10 momentos-chave na evolução dos,2017-09-12
AAPL,bbc,Matukio 10 makuu katika mwongo mmoja wa iPhone,2017-09-12
AAPL,bbc,iPhone越旧越慢苹果终于道歉了,2017-12-29
AAPL,bbc,iPhone X 'en dayanıksız model',2017-11-07
AAPL,bbc,Apple'ın iPhone satışları hiç bu kadar hızlı gerilememişti,2019-05-01
AAPL,bbc,关于iPhone XS和新款Apple Watch的最全解读,2018-09-13
AAPL,bbc,"iPhone şifresini kıran FBI, Apple'a davayı geri çekti",2016-03-29
AAPL,bbc,"4 problemas do iPhone X, o celular mais caro da história",2017-11-08
AAPL,bbc,Por que o iPhone é considerado o 'produto mais rentável,2016-05-16
AAPL,bbc,Apple призналась в намеренном замедлении работы,2017-12-21
AAPL,bbc,苹果iPhone销量“出乎意料地”下跌,2017-05-03
AAPL,bbc,FBI seeks to unlock Texas shooter's iPhone,2017-11-09
AAPL,bbc,Новий айфон. Apple представила iPhone 11 і,2019-09-11
AAPL,bbc,iPhone越舊越慢蘋果終於道歉了,2017-12-29
AAPL,bbc,Udhaifu mkubwa wagunduliwa kwenye simu za iPhone,2016-08-26
AAPL,bbc,Apple випустила червоний iPhone - BBC News Україна,2017-03-22
AAPL,bbc,iPhone şifresi kırıldı: Amerikalı yetkililer artık herhangi bir,2016-03-29
AAPL,bbc,關於iPhone XS和新款Apple Watch的最全解讀,2018-09-13
AAPL,bbc,ジョナサン・アイヴ氏がアップルを退職 iPhoneなど設計,2019-06-28
AAPL,bbc,iPhone 10 yaşında: Dünyayı değiştiren telefonun hikâyesi,2017-01-09
AAPL,bbc,Apple представила новые iPhone 11 и iPhone 11 Pro. В,2019-09-10
AAPL,bbc,"Cómo detectar los ""mensajes bomba"" ChaiOS que",2018-01-18
AAPL,bbc,"Apple представила водостойкий iPhone 7, Apple Watch 2",2016-09-07
AAPL,bbc,"iPhone, 10 anos: como protótipo esquecido em avião",2017-01-10
AAPL,bbc,Apple yazindua iPhone na iPad Pro ndogo,2016-03-22
AAPL,bbc,iPhone电影：让你看不出来是手机拍的电影,2019-03-14
AAPL,bbc,Apple представила новий iPhone X за тисячу доларів,2017-09-12
AAPL,bbc,У вас iPhone или Android? Что говорит о вас ваш,2019-01-09
AAPL,bbc,Apple iPhone 7'de neler farklı olacak?,2016-09-08
AAPL,bbc,Samsung S7 vs. iPhone 6S: ¿qué celular resiste mejor los,2016-03-15
AAPL,bbc,蘋果發佈會：十週年iPhone X攜面部識別技術面世,2017-09-13
AAPL,bbc,"В Apple придумали, як ""пришвидшити"" старі iPhone",2018-01-27
AAPL,bbc,¿Samsung Galaxy o iPhone de imitación? 3 claves simples,2017-07-26
AAPL,bbc,"Apple, eski model iPhone'ları kasten yavaşlattığını kabul etti",2017-12-21
AAPL,bbc,Trump'ın iPhone'ları Çin ve Rusya tarafından dinleniyor,2018-10-25
AAPL,bbc,iPhone X ile ilgili bugüne kadar basına sızan bilgiler neler?,2017-09-12
AAPL,bbc,"As novidades (e críticas) do iPhone X, aposta da Apple",2017-09-13
AAPL,bbc,"Дизайнер iPhone Джони Айв, правая рука Джобса",2019-06-28
AAPL,bbc,iPhone X: En farklı tasarıma sahip Apple telefon,2017-09-12
AAPL,bbc,升级最新苹果机如何卖掉旧iPhone？,2015-09-11
AAPL,bbc,Kompyuta za Mac na simu za iPhone zimeathiriwa na kasoro,2018-01-08
AAPL,bbc,苹果发布会：十周年iPhone X携面部识别技术面世,2017-09-13
AAPL,bbc,"'Unlock iPhone', says judge in US sextortion case",2017-05-04
AAPL,bbc,Apple'ın yeni iPhone modellerinin tüm detayları,2018-09-07
AAPL,bbc,Apple представила новый iPhone X за тысячу долларов,2017-09-13
AAPL,bbc,iPhone 7'lerde kulaklık girişi olmayacak,2016-09-07
AAPL,bbc,"Apple iPhone X yang mahal dan canggih, apa reaksi media?",2017-09-13
AAPL,bbc,Apple выпустила iPhone 7 ярко-красного цвета и новый,2017-03-21
AAPL,bbc,Слишком много дырок? Кого напугал iPhone 11 Pro,2019-09-14
AAPL,bbc,ඇපල් iPhone ජංගම දුරකතනය වෙනස් වූ හැටි,2019-02-05
AAPL,bbc,Eski iPhone'lardaki 'kasıtlı yavaşlatma' nedeniyle,2017-12-22
AAPL,bbc,Apple yazindua simu mpya ya iPhone X inayofunguka kwa,2017-09-13
AAPL,bbc,"Üç arka kameralı iPhone 11 Pro'lardan, Netflix rekabetine",2019-09-11
AAPL,bbc,"Çin'de ABD ürünlerine boykot kampanyası, iPhone",2018-12-12
AAPL,bbc,10 anos do iPhone: conheça as inovações esquecidas que,2016-12-31
AAPL,bbc,iPhone чи Android: що каже про вас ваш смартфон,2019-01-09
AAPL,bbc,Marekani yaifungua iPhone ya Mlipuaji,2016-03-29
AAPL,bbc,Dalai Lama azindua programu tumishi ya iPhone,2017-12-15
AAPL,bbc,Apple yakiri kupunguza kasi ya simu za iPhone,2017-12-21
AAPL,bbc,"Jony Ive: iPhone'un tasarımcısı, Apple'dan ayrılıyor",2019-06-28
AAPL,bbc,Apple luncurkan tiga varian iPhone X - BBC News Indonesia,2018-09-13
AAPL,bbc,Apple'ın son telefonu iPhone XS'in en çok konuşulan özelliği,2018-09-21
AAPL,bbc,米FBI、独自にiPhoneロック解除法を発見か,2016-03-22
AAPL,bbc,谷歌付蘋果十億美元保iPhone搜索,2016-01-23
AAPL,bbc,"iPhone kullanıcıları sahte şantajlarla kandırıldı, Apple",2017-03-29
AAPL,bbc,蘋果公司要求法院撤回FBI促解鎖iPhone命令,2016-02-26
AAPL,bbc,Ukiwa na iPhone usitamke 108,2017-03-20
AAPL,bbc,Apple защитила iPhone от спецслужб. Защиту взломали,2018-07-10
AAPL,bbc,"Google, iPhone marka telefonları iki yıldır hedef alan bir",2019-08-30
AAPL,bbc,苹果：外在因素是iPhone自燃肇因,2016-12-07
AAPL,bbc,Apple 'en uygun fiyatlı' iPhone'unu tanıttı,2016-03-22
AAPL,bbc,蘋果：外在因素是iPhone自燃肇因,2016-12-07
AAPL,bbc,Si me regalaran un iPhone seguiría usando mi Galaxy Note 7,2016-10-13
AAPL,bbc,Jangan ubah tanggal iPhone ke 1 Januari 1970 atau,2016-02-18
AAPL,bbc,Apple mengakui sengaja 'memperlambat' kinerja iPhone,2017-12-22
AAPL,bbc,トランプ氏のiPhone盗聴報道からかう 「中国製と交換すべき」,2018-10-26
AAPL,bbc,Mtambo wa simu bandia za iphone wavamiwa,2015-07-28
AAPL,bbc,苹果失去在华垄断IPHONE商标权利,2016-05-04
AAPL,bbc,蘋果失去在華壟斷IPHONE商標權利,2016-05-04
AAPL,bbc,Apple: мы сами не в силах взломать новые модели iPhone,2015-10-21
AAPL,bbc,La estafa del falso sorteo de iPhone 7 que te llena,2017-01-17
AAPL,bbc,Como desativar a função do iPhone que custou à Apple,2015-11-01
AAPL,bbc,як чоловіки відправляють незнайомим жінкам фото своїх,2019-04-27
AAPL,bbc,Apple'dan 'iPhone'unuzun tarihini 1970'e ayarlamayın' uyarısı,2016-02-18
AAPL,bbc,Apple al-qırmızı rəngdə iPhone 7 və yeni iPad buraxıb,2017-03-22
AAPL,bbc,iPhone'a casus yazılım etkisiz hale getirildi,2016-08-26
AAPL,bbc,eSIM ใน iPhone XS คืออะไร ต่างจากซิมปกติอย่างไร,2018-09-22
AAPL,bbc,"Пользователи iPhone требуют не трогать ""мини-джек""",2016-01-13
AAPL,bbc,Apple-ın sonuncu modeli iPhone XS-in ən çox müzakirə,2018-09-27
AAPL,bbc,Сумеет ли глава McAfee взломать iPhone для ФБР?,2016-02-19
AAPL,bbc,Дизайнер iPhone Джоні Айв залишає Apple,2019-06-28
AAPL,bbc,iPhone 11 के ट्रिपल कैमरा तकनीक में नया क्या?,2019-09-11
AAPL,bbc,Como o FBI conseguiu desbloquear o iPhone de suspeito,2016-03-30
AAPL,bbc,米FBI、乱射容疑者のiPhoneロック解除と,2016-03-29
AAPL,bbc,FBI buka kunci iPhone tanpa bantuan Apple,2016-03-29
AAPL,bbc,Apple's Tim Cook offered liver to dying boss Steve Jobs,2015-03-13
AAPL,bbc,Michael Fassbender as Steve Jobs revealed in trailer,2015-05-18
AAPL,bbc,Apple boss Tim Cook criticises Trump travel ban - BBC News,2017-02-08
AAPL,bbc,Tim Cook blasts 'weaponisation' of personal data and,2018-10-24
AAPL,bbc,Apple's Tim Cook keeps nephew off social media,2018-01-22
AAPL,bbc,Apple boss Tim Cook joins Donald Trump condemnation,2017-08-17
AAPL,bbc,Apple chief Tim Cook's Irish tax claims examined,2016-09-01
AAPL,bbc,Kirstie Allsopp leaves Twitter over iPad smashing backlash,2018-09-11
AAPL,bbc,Apple unveils 16in MacBook Pro - with updated keyboard,2019-11-13
AAPL,bbc,Apple добавила тачбар в обновленные лэптопы,2016-10-28
AAPL,bbc,Apple представила 16-дюймовый MacBook Pro с новой,2019-11-13
AAPL,bbc,Марк Цукерберг заклеивает на своем MacBook камеру и,2016-06-22
AMZN,bbc,Amazon at 25: The story of a giant,2019-07-05
AMZN,bbc,Amazon scrapped 'sexist AI' tool,2018-10-10
AMZN,bbc,Amazon begins appeal over Pentagon cloud contract,2019-11-14
AMZN,bbc,Amazon Prime Day deals 'not what they seem',2018-07-16
AMZN,bbc,Amazon opens a supermarket with no checkouts,2018-01-22
AMZN,bbc,How algorithms run Amazon's warehouses,2015-08-18
AMZN,bbc,Amazon 2017 sales jump by nearly a third,2018-02-01
AMZN,bbc,Amazon fires: What's the latest in Brazil?,2019-10-11
AMZN,bbc,Amazon Prime to allow offline viewing,2015-09-01
AMZN,bbc,Amazon boss Bezos becomes world's third richest,2016-07-29
AMZN,bbc,"Human staff will always be needed, Amazon insists",2019-06-10
AMZN,bbc,Amazon heads off facial recognition rebellion,2019-05-22
AMZN,bbc,Amazon boss Jeff Bezos defends company's workplace,2015-08-17
AMZN,bbc,How Jeff Bezos took Amazon to the top,2018-07-27
AMZN,bbc,Amazon 'flooded by fake five-star reviews' - Which? report,2019-04-15
AMZN,bbc,Amazon's market value tops $1tn,2018-09-04
AMZN,bbc,Amazon adds live TV channels to Prime Video - BBC News,2017-05-23
AMZN,bbc,Amazon to buy Whole Foods for $13.7bn,2017-06-16
AMZN,bbc,"Amazon rainforest belongs to Brazil, says Jair Bolsonaro",2019-09-24
AMZN,bbc,Amazon's newest bricks and mortar store opens in New York,2017-05-25
AMZN,bbc,Amazon faces web issues around the world on Prime Day,2018-07-16
AMZN,bbc,Amazon files patent for flying warehouse,2016-12-29
AMZN,bbc,Amazon unveils plans for grocery shop with no checkouts,2016-12-05
AMZN,bbc,Amazon plans to shut online store in China,2019-04-18
AMZN,bbc,Trump attacks Amazon for paying 'little or no taxes',2018-03-29
AMZN,bbc,Amazon sparks fears with sales forecast,2019-01-31
AMZN,bbc,Shoppers frustrated on Amazon Prime Day,2016-07-12
AMZN,bbc,Amazon: What does 'peak season' mean for employees?,2019-11-28
AMZN,bbc,Amazon bars the sale of Apple and Google TV devices,2015-10-02
AMZN,bbc,Amazon Echos activated by TV comment,2017-01-09
AMZN,bbc,Amazon fires: South American countries to meet to discuss,2019-08-28
AMZN,bbc,Amazon fires increase by 84% in one year - space agency,2019-08-21
AMZN,bbc,Amazon to open 'four-star' store in New York,2018-09-27
AMZN,bbc,Microsoft pips Amazon for $10bn AI 'Jedi' contract,2019-10-26
AMZN,bbc,Amazon drivers 'work illegal hours',2016-11-11
AMZN,bbc,Amazon quizzed over 'Choice' store ratings,2019-08-13
AMZN,bbc,Amazon: Facial recognition bias claims are 'misleading',2019-02-04
AMZN,bbc,Amazon patents 'voice-sniffing' algorithms,2018-04-11
AMZN,bbc,'Football pitch' of Amazon forest lost every minute,2019-07-01
AMZN,bbc,Amazon and Google deliver on TV peace deal,2019-07-09
AMZN,bbc,Amazon fires: Brazil threatened over EU trade deal,2019-08-23
AMZN,bbc,Amazon fires: Bolsonaro says Brazil cannot fight them,2019-08-22
AMZN,bbc,US and Brazil agree to Amazon development,2019-09-13
AMZN,bbc,Amazon fires: What about Bolivia?,2019-08-27
AMZN,bbc,Brazil's Bolsonaro dismisses data as 'lies',2019-07-19
AMZN,bbc,Fines for environmental crimes drop under Bolsonaro,2019-08-24
AMZN,bbc,Amazon's European workers strike as Prime promotion,2018-07-17
AMZN,bbc,"Brazil: Bolsonaro plans threaten Amazon, say experts",2018-10-30
AMZN,bbc,Amazon trials alcohol delivery in Seattle for Prime Now,2015-08-26
AMZN,bbc,Amazon opens physical bookshop in Seattle,2015-11-03
AMZN,bbc,The Amazon in Brazil is on fire - how bad is it?,2019-08-30
AMZN,bbc,Witness History | Death in the Amazon,2017-01-06
AMZN,bbc,Murdered Briton Emma Kelty 'shot and thrown in Amazon',2017-09-21
AMZN,bbc,Dams could 'permanently damage Amazon',2017-06-14
AMZN,bbc,Can a new airship unlock the Amazon?,2017-07-11
AMZN,bbc,The elite soldiers protecting the Amazon rainforest,2019-05-09
AMZN,bbc,Amazon and Walmart stop selling Confederate flag after,2015-06-24
AMZN,bbc,Amazon Alexa offering NHS health advice,2019-07-09
AMZN,bbc,Amazon chief Jeff Bezos gives $2bn to help the homeless,2018-09-13
AMZN,bbc,Amazon cancels New York City campus plan,2019-02-14
AMZN,bbc,Microsoft teases Amazon Echo rival,2016-12-14
AMZN,bbc,"Should Google, Amazon and Facebook fear this woman?",2019-03-28
AMZN,bbc,The Amazon's solar-powered river bus,2018-04-19
AMZN,bbc,Amazon Scout robots take to pavements in Washington State,2019-01-24
AMZN,bbc,Amazon promises fix for creepy Alexa laugh,2018-03-07
AMZN,bbc,Amazon sorry for sending Atwood's The Testaments out early,2019-09-05
AMZN,bbc,US military data found unprotected on Amazon web server,2017-06-01
AMZN,bbc,Jeremy Clarkson unveils new Amazon delivery drone,2015-11-30
AMZN,bbc,"Disney, Netflix, Amazon: The battle for streaming survival",2019-04-12
AMZN,bbc,Half of all tree species in Amazon 'face extinction',2015-11-20
AMZN,bbc,"Amazon rainforest deforestation 'worst in 10 years', says",2018-11-24
AMZN,bbc,Amazon Ring: Police tie-up criticised by anti-surveillance,2019-08-01
AMZN,bbc,"Amazon's push for Prime sign-up 'misleading', says ASA",2019-10-30
AMZN,bbc,Amazon warehouse accidents total 440,2018-10-10
AMZN,bbc,Viewpoint: Are Amazon's feedback tactics unusual?,2015-08-22
AMZN,bbc,Amazon tool flags Congress members as suspects,2018-07-26
AMZN,bbc,FedEx and UPS hit as Amazon 'plots shipping expansion',2018-02-09
AMZN,bbc,Amazon fires intensify Andes glacier melt,2019-11-28
AMZN,bbc,Amazon enters business supplies market,2017-04-04
AMZN,bbc,Amazon's Bezos: US needs to be defended,2018-10-15
AMZN,bbc,Amazon Video Direct poses challenge to YouTube,2016-05-10
AMZN,bbc,Amazon workers injured in bear spray accident,2018-12-06
AMZN,bbc,"Brazil's Amazon deforestation highest since 2008, space",2019-11-18
AMZN,bbc,Amazon shoe 'strikingly similar' to Allbirds model,2019-11-26
AMZN,bbc,The community that rejected Amazon,2019-02-15
AMZN,bbc,CES 2017: Amazon's virtual aide Alexa shouts above rivals,2017-01-07
AMZN,bbc,Apple v Amazon: Battle of the titans,2018-09-07
AMZN,bbc,Advertising Standards considers inquiry into Amazon Prime,2017-12-18
AMZN,bbc,Amazon launches full online supermarket service in UK,2016-06-09
AMZN,bbc,Amazon defends cancelling Woody Allen film deal,2019-04-04
AMZN,bbc,Amazon kicks off competition for new HQ,2017-09-07
AMZN,bbc,"Are Google, Amazon and others getting too big?",2017-06-09
AMZN,bbc,Amazon Robotics Challenge 2017 won by Australian,2017-07-31
AMZN,bbc,What about the animals caught in the Amazon rainforest,2019-08-29
AMZN,bbc,Amazon invests in Deliveroo food courier,2019-05-17
AMZN,bbc,"Apple, Disney, Netflix, Amazon: The battle for streaming",2019-10-31
AMZN,bbc,Amazon cannabis delivery: Orlando couple shocked by find,2017-10-24
AMZN,bbc,Amazon Reef: First images of new coral system,2017-01-29
AMZN,bbc,Apple complains Amazon's US site is selling fake products,2016-10-20
AMZN,bbc,Brazil's Bolsonaro says DiCaprio gave cash 'to set Amazon,2019-11-30
AMZN,bbc,Amazon's one-day delivery ad banned as 'misleading',2018-08-14
AMZN,bbc,Amazon gives Manchester-by-the-Sea residents free Prime,2017-05-02
AMZN,bbc,Pope Francis warns of threat to Amazon peoples on Peru visit,2018-01-19
AMZN,bbc,Amazon buys 'smart' doorbell firm Ring,2018-02-27
AMZN,bbc,Amazon Prime makes first foray into South East Asia,2017-07-26
AMZN,bbc,Amazon to boost India investment by $3bn,2016-06-08
AMZN,bbc,Amazon launches HD music streaming,2019-09-17
AMZN,bbc,Amazon expands Morrisons grocery delivery deal,2016-11-16
AMZN,bbc,Amazon ban on incentivised reviews,2016-10-04
AMZN,bbc,Amazon Alexa gets Samuel L Jackson and other celebrity,2019-09-25
AMZN,bbc,Amazon has been fined £65000 for trying to fly dangerous,2016-09-23
AMZN,bbc,Amazon warehouse staff defend retailer on Twitter,2018-08-24
AMZN,bbc,Amazon sued over Alexa child recordings in US,2019-06-13
AMZN,bbc,Amazon and Apple caught in latest EU tax crackdown,2017-10-04
AMZN,bbc,Lady Gaga in exclusive Amazon deal to launch beauty range,2019-07-09
AMZN,bbc,Amazon to buy Middle East online retailer Souq,2017-03-28
AMZN,bbc,Amazon's Alexa user accesses stranger's chats,2018-12-20
AMZN,bbc,Amazon defeated Rekognition revolt by a large margin,2019-05-27
AMZN,bbc,Amazon's AI musical keyboard 'sounds terrible',2019-12-02
AMZN,bbc,YouTube app removed from Amazon Fire TV kit early,2017-12-29
AMZN,bbc,Brazil's Amazon wilderness at risk from organised crime,2015-07-09
AMZN,bbc,Amazon recalls Fire tablet power adapters in UK and Ireland,2016-03-02
AMZN,bbc,Amazon: 1% of tree species store 50% of region's carbon,2015-04-28
AMZN,bbc,Amazon's new 'dangerous' and 'potentially offensive' series,2015-11-20
AMZN,bbc,The Grand Tour: Jeremy Clarkson's Amazon show to,2016-09-16
AMZN,bbc,Is the Amazon facing new dangers?,2018-10-30
AMZN,bbc,Amazon Echo and Google Home owners spied on by apps,2019-10-21
AMZN,bbc,Whole Foods shareholders back Amazon deal,2017-08-23
AMZN,bbc,Amazon tests personalised video ads,2016-07-13
AMZN,bbc,Amazon Alexa heard and sent private chat,2018-05-24
AMZN,bbc,Amazon's arrival set to shake up Australia's retail sector,2017-12-05
AMZN,bbc,Amazon fires: Merkel and Macron urge G7 to debate ',2019-08-23
AMZN,bbc,Amazon Alexa-NHS partnership splits expert opinion,2019-07-10
AMZN,bbc,Amazon uses dummy parcels to catch thieves,2018-12-13
AMZN,bbc,Amazon to create 2500 UK jobs,2016-01-22
AMZN,bbc,eBay files lawsuit against Amazon over 'seller recruitment',2018-10-17
AMZN,bbc,Phoebe Waller-Bridge 'delighted' with major Amazon deal,2019-09-24
AMZN,bbc,Amazon forced to pull products in India as new rules bite,2019-02-01
AMZN,bbc,Amazon launches collection points at Next stores,2019-05-14
AMZN,bbc,Amazon delivery network coming to Northern Ireland,2016-07-22
AMZN,bbc,Jumia: 'Africa's Amazon' in landmark stock market listing,2019-04-12
AMZN,bbc,Protests against Amazon erupt across France,2019-11-29
AMZN,bbc,Brazil opens vast Amazon reserve to mining,2017-08-23
AMZN,bbc,Controversial gas from Peruvian Amazon arrives in UK,2017-03-04
AMZN,bbc,Amazon fires: The tragedy of the couple who died,2019-08-30
AMZN,bbc,Amazon fish challenges mutation idea,2018-02-13
AMZN,bbc,Amazon in row over plastic packaging,2019-08-21
AMZN,bbc,Amazon and eBay 'liable' if they ignore VAT fraud,2015-11-01
AMZN,bbc,Amazon sellers hit by 'extensive' fraud campaign,2019-05-09
AMZN,bbc,Morrisons and Amazon expanding same-day deliveries,2019-06-13
AMZN,bbc,Staff at Amazon's Swansea warehouse 'treated like robots',2018-12-20
AMZN,bbc,'How Amazon helped me transition to a woman',2018-11-15
AMZN,bbc,Amazon sorry over India flag doormat fiasco,2017-01-13
AMZN,bbc,Peru's Amazon: Where roads change lives,2018-08-02
AMZN,bbc,Vintage photos offer glimpse of Upper Amazon 150 years,2019-10-04
AMZN,bbc,Gandhi flip flops sold on Amazon cause anger in India,2017-01-15
AMZN,bbc,Amazon revamps Echo smart speaker family,2017-09-27
AMZN,bbc,"Shop on Amazon, chat on WhatsApp or use PayPal?",2017-01-18
AMZN,bbc,Is Amazon recommending bomb ingredients?,2017-09-19
AMZN,bbc,Killed for Christ in the Amazon,2017-02-21
AMZN,bbc,Brazil Amazon: Troops deployed after attack on federal,2017-10-28
AMZN,bbc,Amazon fires: Seven countries sign forest protection pact,2019-09-06
AMZN,bbc,History sheds light on Amazon's rich tree diversity,2017-02-14
AMZN,bbc,"Apple, Google and Amazon decide to 'play nice' over smart",2019-12-18
AMZN,bbc,Amazon and eBay images broken by Photobucket's ',2017-07-04
AMZN,bbc,Amazon executive dodges Top Gear controversy question,2015-08-04
AMZN,bbc,Amazon facing eviction threat at Gourock centre,2019-10-08
AMZN,bbc,Amazon names locations for new US HQs,2018-11-13
AMZN,bbc,Amazon Echo Dot ad cleared over cat food order,2018-02-13
AMZN,bbc,A scandal in the Amazon - where pilots are forced to lie,2019-03-17
AMZN,bbc,MacKenzie Bezos: Novelist and Amazon shareholder,2019-05-31
AMZN,bbc,Amazon and eBay warned by MPs about VAT fraudsters,2017-10-17
AMZN,bbc,Woody Allen sues Amazon for $68m for dropping A Rainy,2019-02-07
AMZN,bbc,Amazon to create 1000 new jobs at Darlington warehouse,2019-12-19
AMZN,bbc,Arsonist jailed over £8m Rugeley Amazon warehouse blaze,2018-09-11
AMZN,bbc,Amazon's Jeff Bezos promises climate-change action,2019-09-19
AMZN,bbc,Amazon Japan offices raided in competition probe,2018-03-15
AMZN,bbc,Amazon tightens US rules over non-compliant USB-C cables,2016-03-30
AMZN,bbc,Amazon fires: Forest loss challenges Paris climate ambition,2019-08-28
AMZN,bbc,Waterstones buys Foyles to defend bookshops against,2018-09-07
AMZN,bbc,Jeff Bezos: Amazon boss accuses National Enquirer of,2019-02-08
AMZN,bbc,Apple and Amazon deny China hack claims,2018-10-05
AMZN,bbc,Brazil Amazon: Drone to scan for ancient Amazonia,2015-02-14
AMZN,bbc,Dead baby found in restroom at Amazon warehouse in,2019-01-17
AMZN,bbc,Fear book: Amazon glitch mixes in L Ron Hubbard novel,2018-09-13
AMZN,bbc,Hoverboards: Amazon offers full refunds in safety backlash,2016-01-22
AMZN,bbc,Amazon and eBay 'listing unsafe toys for sale',2019-11-19
AMZN,bbc,Amazon founder Jeff Bezos reveals Star Trek Beyond alien,2016-07-21
AMZN,bbc,Premier League games on Amazon: Why is it happening?,2019-12-03
AMZN,bbc,Vatican considers ordaining older married men in remote,2019-06-17
AMZN,bbc,Exposed Amazon cloud storage clients get tip-off alerts,2018-02-20
AMZN,bbc,"Google, Facebook, Amazon join forces on future of AI",2016-09-28
AMZN,bbc,CES 2017: LG fridge is powered by Amazon's Alexa,2017-01-04
AMZN,bbc,Amazon to build $1.5bn US cargo hub,2017-02-02
AMZN,bbc,"Amazon, Apple and Google face data complaints",2019-01-21
AMZN,bbc,Amazon Alexa: is it friends with your kids?,2018-07-16
AMZN,bbc,Amazon hit by Black Friday walkouts and protests in Europe,2019-11-29
AMZN,bbc,Amazon stops selling 'toxic' goods for children in US,2019-05-10
AMZN,bbc,Wrong-way Amazon lorries overrun villages in Coventry,2019-03-10
AMZN,bbc,Islamic State magazine Dabiq withdrawn from sale by,2015-06-06
AMZN,bbc,Brazil tribe gets compensation for plane crash over,2017-03-28
AMZN,bbc,Amazon parcel 'thrown through upstairs window' in,2019-08-13
AMZN,bbc,'Dangerous' carbon monoxide alarms removed from,2018-06-21
AMZN,bbc,Black Friday: Amazon reports record UK sales,2015-11-28
AMZN,bbc,Amazon's Transparent to get fourth series,2016-05-31
AMZN,bbc,Amazon rainforest fires: Ten readers' questions answered,2019-08-28
AMZN,bbc,Caitlyn Jenner to appear in Amazon's Transparent,2016-04-04
AMZN,bbc,Fury over India flag doormats for sale on Amazon,2017-01-11
AMZN,bbc,Amazon accused of failing pregnant workers,2019-05-08
AMZN,bbc,Sowing the seeds of innovation in the Amazon,2019-06-03
AMZN,bbc,Gunmen in Peru rob tourists on Amazon riverboat cruise,2016-07-14
AMZN,bbc,Brazil boat sinks killing at least seven in Amazon region,2017-08-23
AMZN,bbc,Amazon's Jeff Bezos beats Bill Gates in new rich list,2018-07-17
AMZN,bbc,Man City sign £10m-plus deal with Amazon Prime for,2017-11-09
AMZN,bbc,Reasons to vote for Democrats tops Amazon bestseller list,2017-03-10
AMZN,bbc,Amazon investigates staff bribery claims,2018-09-16
AMZN,bbc,Amazon targets 1114 'fake reviewers' in Seattle lawsuit,2015-10-18
AMZN,bbc,Sucking robot arm wins Amazon Picking Challenge,2016-07-04
AMZN,bbc,Brazil Amazon - Old enemies unite to save their land,2019-09-12
AMZN,bbc,Pope Francis's apology over Amazon statues theft,2019-10-25
AMZN,bbc,Amazon trials pop-up station kiosks,2019-06-07
AMZN,bbc,A day in the life of an Amazon delivery driver,2016-11-11
AMZN,bbc,Good Omens: Christian group petition Netflix over Amazon,2019-06-21
AMZN,bbc,Amazon Echo turned into covert microphone,2017-08-02
AMZN,bbc,'China spy attack hits Apple and Amazon',2018-10-04
AMZN,bbc,Amazon's Twitch triumphs over bot-sellers,2018-01-23
AMZN,bbc,Amazon's Jeff Bezos donates $10m to back military veterans,2018-09-05
AMZN,bbc,Amazon: 7 gráficos que muestran el extraordinario,2019-07-08
AMZN,bbc,Brazil 'ntizakira' miliyoni $22 zatanzwe na G7 zo kuzimya,2019-08-27
AMZN,bbc,"'Dolphin' attacks fool Amazon, Google voice assistants",2017-09-07
AMZN,bbc,Google and Amazon urged to follow Apple's 'anti-gay app,2018-12-24
AMZN,bbc,Amazon imposes limit on reviews,2016-11-28
AMZN,bbc,Nest camera and Amazon Echo help catch home intruders,2017-07-28
AMZN,bbc,Murder squad sought Amazon Echo data,2016-12-28
AMZN,bbc,Amazon asked to share Echo data in US murder case,2018-11-12
AMZN,bbc,British kayaker Emma Kelty 'murdered' on Amazon trip,2017-09-19
AMZN,bbc,Amazon hands over Echo 'murder' data,2017-03-07
AMZN,bbc,US couple stole goods worth $1.2m from Amazon,2017-10-03
AMZN,bbc,Amazon fires: NGO denies arrested volunteers started blazes,2019-11-27
AMZN,bbc,Jeffrey Tambor criticises Amazon over sexual harassment,2018-02-16
AMZN,bbc,"Amazon attack: Gamela tribe shot, stabbed and mutilated",2017-05-02
AMZN,bbc,Amazon Studios boss resigns after claims of sexual,2017-10-18
AMZN,bbc,Brazil's Amazon city of Manaus sees surge in violence,2015-07-21
AMZN,bbc,Amazon uses shock tactic to stop thefts at warehouses,2016-03-09
AMZN,bbc,Amazon $1.2m gadget scam couple jailed,2018-06-07
AMZN,bbc,Brazil worker who protected indigenous tribes killed in,2019-09-09
AMZN,bbc,Jeff Bezos' New Shepard rocket system flies for 10th time,2019-01-23
AMZN,bbc,"Jeff Bezos, umuherwe wa mbere ku isi, yatandukanye n'",2019-04-05
AMZN,bbc,"Cómo Jeff Bezos, el dueño de Amazon, se convirtió en",2018-01-10
AMZN,bbc,Xaafadda ay Jeff Bezos iyo Bill Gates ku nool yihiin ee aan,2019-11-23
AMZN,bbc,Jeff Bezos: Yafahamu maisha ya mtu tajiri zaidi duniani,2018-01-14
AMZN,bbc,Jeff Bezos: Perceraian orang terkaya di dunia cetak rekor,2019-04-05
AMZN,bbc,Tajiri namba moja duniani Jeff Bezos na mkewe,2019-01-10
AMZN,bbc,Moorabbin Airport Aws - BBC Weather,2017-09-19
GOOG,bbc,How did Google become the world's most valuable,2016-02-01
GOOG,bbc,Life before Google: What was it like?,2018-07-18
GOOG,bbc,Google apologises for Photos app's racist blunder,2015-07-01
GOOG,bbc,Google tracks users who turn off location history,2018-08-14
GOOG,bbc,Google shuts failed social network Google+,2019-04-01
GOOG,bbc,Google hit with £44m GDPR fine over ads,2019-01-21
GOOG,bbc,Just google it: The student project that changed the world,2017-03-27
GOOG,bbc,Google staff walk out over women's treatment,2018-11-01
GOOG,bbc,Google - powerful and responsible?,2017-11-20
GOOG,bbc,Google's Project Dragonfly 'terminated' in China,2019-07-17
GOOG,bbc,"Google should not be in business of war, say employees",2018-04-05
GOOG,bbc,Google's ethics board shut down,2019-04-05
GOOG,bbc,Google commits to £1bn UK investment plan,2016-11-15
GOOG,bbc,The Google city that has angered Toronto,2019-05-17
GOOG,bbc,Google agrees £130m UK tax deal with HMRC,2016-01-23
GOOG,bbc,Google to News: can we be friends?,2018-03-20
GOOG,bbc,Google: An A to Z of search results,2018-07-27
GOOG,bbc,Google admits error over hidden microphone,2019-02-20
GOOG,bbc,Google unveils surprise restructuring under Alphabet,2015-08-10
GOOG,bbc,Google hit with €4.3bn Android fine from EU,2018-07-18
GOOG,bbc,Google in China: Internet giant 'plans censored search,2018-08-02
GOOG,bbc,Egyptian repairman outranks Google in search - BBC News,2015-06-02
GOOG,bbc,Google wins landmark right to be forgotten case,2019-09-24
GOOG,bbc,Google to pay €1bn to end French tax probe,2019-09-12
GOOG,bbc,Google self-driving car hits a bus,2016-02-29
GOOG,bbc,Google Search results to give 'diverse' answers,2018-01-31
GOOG,bbc,Google founders Larry Page and Sergey Brin step back,2019-12-04
GOOG,bbc,Google bosses expected to snub Senate,2018-09-04
GOOG,bbc,50 US states and territories launch competition probe,2019-09-09
GOOG,bbc,Google 'to end' Pentagon Artificial Intelligence project,2018-06-02
GOOG,bbc,Google employee anti-diversity memo causes row,2017-08-07
GOOG,bbc,Google Docs phishing email 'cost Minnesota,2017-05-08
GOOG,bbc,Google employees criticise 'censored China search engine',2018-08-16
GOOG,bbc,Google pledges $300m to support journalism and fight fake,2018-03-20
GOOG,bbc,Google and Facebook duped in huge 'scam',2017-04-28
GOOG,bbc,Google staff walkout: How US employers silence sex,2018-11-01
GOOG,bbc,Google hit with record EU fine over Shopping service,2017-06-27
GOOG,bbc,Google Glass sales halted but firm says kit is not dead,2015-01-15
GOOG,bbc,Android Pie: Google adds Digital Wellbeing controls,2018-08-06
GOOG,bbc,Google services set for 'return' to China,2015-11-02
GOOG,bbc,Google outlines $13bn US investment,2019-02-13
GOOG,bbc,Google tax row: What's behind the deal?,2016-01-28
GOOG,bbc,Google refuses to give up on Google+,2015-11-18
GOOG,bbc,Google fires diversity memo author,2017-08-07
GOOG,bbc,Google urged to drop Chinese 'Dragonfly' project,2018-11-27
GOOG,bbc,'Thanksgiving Four' say Google is punishing them,2019-11-25
GOOG,bbc,What Google engineer James Damore got wrong,2017-08-10
GOOG,bbc,Google faces winged-monkey privacy protest,2019-10-03
GOOG,bbc,Google to phase out full support for Flash on Chrome,2016-05-16
GOOG,bbc,NHS using Google technology to treat patients,2016-11-22
GOOG,bbc,Google data centres to be 100% renewable-powered by,2016-12-06
GOOG,bbc,Google thwarts Baltimore ransomware fightback,2019-05-24
GOOG,bbc,Harassment victims at Google gain more power,2018-11-08
GOOG,bbc,Google rivals claim product search remains unfair,2018-11-22
GOOG,bbc,Google's 'secret' smart city on Toronto's waterfront sparks row,2018-03-23
GOOG,bbc,Google Wing drones approved for US home deliveries,2019-04-23
GOOG,bbc,Huawei's use of Android restricted by Google,2019-05-20
GOOG,bbc,Google sued over 'male discrimination',2018-01-08
GOOG,bbc,"Brexit: 'Surge' in searches on Irish passports, says Google",2016-06-24
GOOG,bbc,TED 2015: Google boss wants self-drive cars 'for son',2015-03-18
GOOG,bbc,Amazon Echo and Google Home owners spied on by apps,2019-10-21
GOOG,bbc,"Google worker, 23, living in van in staff car park to save",2015-10-21
GOOG,bbc,Google is irresponsible claims Fortnite's chief in bug row,2018-08-27
GOOG,bbc,Google sign language AI turns hand gestures into speech,2019-08-20
GOOG,bbc,Google Pixel 4 Face Unlock works if eyes are shut,2019-10-17
GOOG,bbc,Google search chief Amit Singhal looks to the future,2015-09-29
GOOG,bbc,Grandson shares nan's polite Google search - BBC News,2016-06-15
GOOG,bbc,Google reveals gaming platform Stadia,2019-03-19
GOOG,bbc,Google achieves AI 'breakthrough' by beating Go champion,2016-01-27
GOOG,bbc,Walmart and Google to offer voice-enabled shopping,2017-08-23
GOOG,bbc,Google loses data as lightning strikes - BBC News,2015-08-19
GOOG,bbc,Google weakens Allo chat app privacy promise - BBC News,2016-09-21
GOOG,bbc,Tony Fadell: What will Google's $3.2bn guru do next?,2015-07-24
GOOG,bbc,Cuba signs deal for faster internet access to Google content,2016-12-12
GOOG,bbc,Meet the man behind Google's doodles,2016-04-26
GOOG,bbc,Google's Loon brings internet-by-balloon to Kenya,2018-07-19
GOOG,bbc,Cash reward for Google.com takeover man,2015-10-12
GOOG,bbc,Google April Fool Gmail button sparks backlash,2016-04-01
GOOG,bbc,Google 'paid Apple $1bn in 2014 to keep search on iPhone',2016-01-22
GOOG,bbc,The White House given racist label on Google Maps,2015-05-20
GOOG,bbc,I'd disclose smart speakers before guests enter my home,2019-10-15
GOOG,bbc,"Should Google, Amazon and Facebook fear this woman?",2019-03-28
GOOG,bbc,US court backs Google book-scanning project,2015-10-16
GOOG,bbc,Legal breakthrough for Google's self-driving car,2016-02-10
GOOG,bbc,Google uses AI to save on electricity from data centres,2016-07-20
GOOG,bbc,Google search chief hired by Apple after Siri set-backs,2018-04-04
GOOG,bbc,Google boss becomes highest-paid in US,2016-02-09
GOOG,bbc,Google Docs offline for 'significant' number of users,2017-11-15
GOOG,bbc,Google's AI wins final Go challenge,2016-03-15
GOOG,bbc,Google Pixel 3 phones launch during privacy storm,2018-10-09
GOOG,bbc,Google finds 'indiscriminate iPhone attack lasting years',2019-08-29
GOOG,bbc,Google bans crypto-currency adverts,2018-03-14
GOOG,bbc,Google and Fiat Chrysler announce driverless cars deal,2016-05-03
GOOG,bbc,Google trainee puts up dummy advert by mistake,2018-12-06
GOOG,bbc,Amazon and Google deliver on TV peace deal,2019-07-09
GOOG,bbc,Microsoft hits out at Google team over bug report,2015-01-12
GOOG,bbc,Google Play store adopts 'family-friendly' features,2015-05-28
GOOG,bbc,Trump: Google should be probed over China treason claim,2019-07-16
GOOG,bbc,Google offers virtual reality Street View,2015-10-13
GOOG,bbc,Google's crisis of confidence - BBC News,2017-03-20
GOOG,bbc,Google hearing sees 'idiot' trending,2018-12-12
GOOG,bbc,Google takes Android search blow in Russia,2017-04-17
GOOG,bbc,Google defeats Oracle in Java code copyright case,2016-05-27
GOOG,bbc,Google faces lawsuit over removing Gab from Play Store,2017-09-18
GOOG,bbc,Google and Mastercard in credit card data deal,2018-08-31
GOOG,bbc,Google adds $60bn to market value as shares hit new high,2015-07-17
GOOG,bbc,Project Nightingale: Google probed over US patient data deal,2019-11-13
GOOG,bbc,Google apologises after ads appear next to extremist content,2017-03-20
GOOG,bbc,Ex-Google boss defends multiple controversies,2019-05-13
GOOG,bbc,Project Nightingale: Google accesses trove of US patient,2019-11-12
GOOG,bbc,Google promotes fast-loading AMP news articles,2016-02-24
GOOG,bbc,Google overhauls privacy and security settings,2015-06-01
GOOG,bbc,Six searches that show the power of Google,2016-04-26
GOOG,bbc,Google to 'auto-delete' web tracking history,2019-05-02
GOOG,bbc,Google hails net balloon 'breakthrough',2017-02-16
GOOG,bbc,"Google Maps deterring outback tourists, say small firms",2019-01-16
GOOG,bbc,Trump: Google is committed to US not the Chinese military,2019-03-27
GOOG,bbc,Google launches India mobile payments app Tez,2017-09-18
GOOG,bbc,Google adds search results 'fact check' flag,2017-04-07
GOOG,bbc,Fitbit snapped up by Google in $2.1bn deal,2019-11-01
GOOG,bbc,Google developing kill switch for AI,2016-06-08
GOOG,bbc,Google purges bad extensions from Chrome - BBC News,2015-04-08
GOOG,bbc,Google's robot caller in first public trial,2018-06-27
GOOG,bbc,Safari users win right to sue Google over privacy,2015-03-27
GOOG,bbc,Google's Toronto city built 'from the internet up',2018-05-26
GOOG,bbc,Google fights plan to extend 'right to be forgotten',2018-09-11
GOOG,bbc,Google pushes into India with free wi-fi,2016-09-27
GOOG,bbc,Google's driverless cars make progress - BBC News,2017-02-02
GOOG,bbc,Google tackles the black box problem with Explainable AI,2019-11-23
GOOG,bbc,Google signs $1.1bn HTC smartphone deal,2017-09-20
GOOG,bbc,Facebook and Google use 'dark patterns' around privacy,2018-06-28
GOOG,bbc,Google halts glucose-sensing contact lens project,2018-11-19
GOOG,bbc,Ex-Google employee warns of 'disturbing' China plans,2018-09-26
GOOG,bbc,Google hit with €1.5bn fine from EU over advertising,2019-03-20
GOOG,bbc,Google's smart-city plans 'tech for tech's sake',2019-09-12
GOOG,bbc,Google-Nest merger raises privacy issues,2018-02-08
GOOG,bbc,Google Maps gets offline search and directions,2015-11-10
GOOG,bbc,Google speeds up news article downloads on mobile devices,2015-10-07
GOOG,bbc,Google and Apple in $415m 'non-poaching' settlement offer,2015-01-16
GOOG,bbc,Daydream: Google's hot take on affordable VR,2016-11-10
GOOG,bbc,Google AI wins second Go game against top player,2016-03-10
GOOG,bbc,Seven things to watch as Google's CEO appears before,2018-12-11
GOOG,bbc,Apple and Google show off rival augmented-reality tech,2017-08-30
GOOG,bbc,"Google 'stole my videos', says film-maker Philip Bloom",2018-05-23
GOOG,bbc,Google's self-drive cars had to be stopped from crashing,2016-01-13
GOOG,bbc,Google to be sued by Belgium for not blurring military sites,2018-09-28
GOOG,bbc,Google's modular Ara phone delayed,2015-08-18
GOOG,bbc,Google and Microsoft agree to lawsuit truce,2015-10-01
GOOG,bbc,Five reasons we reckon Google Glass was pulled,2015-01-15
GOOG,bbc,Google launches Kenya's Samburu Park on Street View,2015-09-15
GOOG,bbc,Google's Project Loon internet balloons to circle Earth,2015-10-28
GOOG,bbc,Google suspends Map Maker because of vandalism,2015-05-12
GOOG,bbc,Google Maps alters disputed South China Sea shoal name,2015-07-14
GOOG,bbc,Google suspends ticket site Viagogo from advertising,2019-07-17
GOOG,bbc,Google to 'derank' Russia Today and Sputnik,2017-11-21
GOOG,bbc,"Are Google, Amazon and others getting too big?",2017-06-09
GOOG,bbc,Google drops $10bn battle for Pentagon data contract,2018-10-09
GOOG,bbc,Google's SMS replacement ready to launch,2018-04-20
GOOG,bbc,Apple punishes Google over app rules,2019-01-31
GOOG,bbc,Google to police new app developers more closely,2019-04-17
GOOG,bbc,Google's AlphaGo beats Go master Lee Se-dol,2016-03-12
GOOG,bbc,Google buys .app web domain for $25m - BBC News,2015-02-27
GOOG,bbc,Google's Alphabet gives up on rescue robots,2018-11-15
GOOG,bbc,How a designer took on Google over the 'world white web',2016-04-14
GOOG,bbc,Google DeepMind: AI becomes more alien,2017-10-18
GOOG,bbc,Google Pixel 2 phones take portrait-mode selfies,2017-10-04
GOOG,bbc,Pokemon Go firm fixes 'full Google access' error,2016-07-12
GOOG,bbc,Google scraps Chrome 79 update over critical data bug,2019-12-16
GOOG,bbc,Google's AI takes on champion in fresh Go challenge,2017-05-23
GOOG,bbc,Google and Mozilla move to stop Kazakhstan 'snooping',2019-08-21
GOOG,bbc,"Apple, Google and Amazon decide to 'play nice' over smart",2019-12-18
GOOG,bbc,"Apple, angry at Google, hits back at hack claims",2019-09-06
GOOG,bbc,Google launches Play Pass apps subscription package,2019-09-23
GOOG,bbc,Google logo: Why do businesses change their typeface?,2015-09-02
GOOG,bbc,Google scrubs medical records from search,2017-06-23
GOOG,bbc,Google reveals new logo for mobile world,2015-09-01
GOOG,bbc,Google takes down Esta service ads - but many remain,2018-10-19
GOOG,bbc,Google and PwC to establish joint base in Belfast,2015-11-24
GOOG,bbc,Google tech used by Pentagon 'to analyse drone videos',2018-03-07
GOOG,bbc,Why Google DeepMind wants your medical records,2016-07-19
GOOG,bbc,Dow Jones: 'Google acquires Apple' news was 'error',2017-10-11
GOOG,bbc,"Facebook and Google news should be regulated,",2019-02-12
GOOG,bbc,"'Spell-check for hate' needed, says Google's Schmidt",2015-12-07
GOOG,bbc,Google's Gmail gets self-destruct option ahead of GDPR,2018-04-25
GOOG,bbc,Google driverless cars free to public in Phoenix,2017-04-25
GOOG,bbc,Former Facebook and Google employees fight tech ',2018-02-06
GOOG,bbc,Google defends Trump election reaction,2018-09-13
GOOG,bbc,Google 'uncovers Russian ad campaign linked to US,2017-10-09
GOOG,bbc,Google DeepMind NHS app test broke UK privacy law,2017-07-03
GOOG,bbc,Google's driverless car is brilliant but so boring,2015-10-02
GOOG,bbc,School labelled 'Hell on Earth' on Google Maps,2019-02-04
GOOG,bbc,Unilever threatens to pull ads from Facebook and Google,2018-02-12
GOOG,bbc,Google AI polices newspaper comments,2017-06-14
GOOG,bbc,Google tests auto-play videos in search results,2017-07-26
GOOG,bbc,US uses Google Translate to vet refugees,2019-09-27
GOOG,bbc,Taiwan asks Google to blur images from disputed island,2016-09-22
GOOG,bbc,Google takes on Apple with Android Pay,2015-09-10
GOOG,bbc,Jennifer Lopez revives dress behind the invention of,2019-09-21
GOOG,bbc,Google to stream Assassin's Creed for free in test,2018-10-02
GOOG,bbc,Tom Longboat: Google doodle honours Canadian,2018-06-04
GOOG,bbc,Google denies Android breaks competition rules,2016-11-10
GOOG,bbc,How does Google's Autocomplete censor predictions?,2015-02-05
GOOG,bbc,Google reveals latest UK tax bill,2017-03-31
GOOG,bbc,Google Chrome changes could 'destroy' ad-blockers,2019-01-24
GOOG,bbc,"Google launches video chat app, Duo, to compete with",2016-08-16
GOOG,bbc,Google's Ad Exchange faces privacy probe by Irish regulator,2019-05-22
GOOG,bbc,Google explains 'weird' 1975 text message bug,2018-06-01
GOOG,bbc,Google designs emojis depicting professional women,2016-05-11
GOOG,bbc,Google must provide details on Nest microphone error,2019-02-28
GOOG,bbc,Saudi app used to track women 'not against' Google rules,2019-03-05
GOOG,bbc,Google appeals against huge EU anti-trust fine,2017-09-11
GOOG,bbc,Google executive warns of face ID bias,2018-07-26
GOOG,bbc,Google Pixel 4: Indians disappointed as 'radar feature',2019-10-15
GOOG,bbc,Google works on spotting dodgy 'evil domains',2019-02-01
GOOG,bbc,"Google, Facebook, Amazon join forces on future of AI",2016-09-28
GOOG,bbc,Google Pixel phones and Home speaker take on Siri and,2016-10-04
GOOG,bbc,Google to open artificial intelligence centre in China,2017-12-13
GOOG,bbc,Android phones 'betray' user location to Google,2017-11-22
GOOG,bbc,Google at 20: 10 tins you fit no sabi about di biggest search,2018-09-27
GOOG,bbc,Google unlinking Google+ from YouTube,2015-07-28
GOOG,bbc,Google given green light for Toronto smart city,2019-10-31
GOOG,bbc,Google Fiber broadband plan scaled back,2016-10-26
GOOG,bbc,Google offers $1.5m 'prize' for spotting Pixel phone bugs,2019-11-22
GOOG,bbc,Google pulls Hong Kong protestor game from store,2019-10-11
GOOG,bbc,Google tax: David Cameron defends £130m UK tax deal,2016-01-27
GOOG,bbc,Google Play app store accused of anti-gay bias,2019-08-16
GOOG,bbc,Star Wars theme launched for Google apps with dark and,2015-11-23
GOOG,bbc,Google drops plans for Berlin campus after protests,2018-10-24
GOOG,bbc,"Google CEO Sundar Pichai writes back to girl, 7, who",2017-02-16
GOOG,bbc,Google AI to play live Go match against world champion,2016-02-05
GOOG,bbc,Sundar Pichai: Google's new boss from humble roots,2015-08-11
GOOG,bbc,"Anti-Semitism: Wales tops UK Google searches, report says",2019-02-01
GOOG,bbc,Google Maps turns into Pac-Man game for April Fools' Day,2015-04-01
GOOG,bbc,"Facebook, Google and start-ups oppose net neutrality U-turn",2017-11-23
GOOG,bbc,Google swallows DeepMind Health,2019-09-18
GOOG,bbc,DeepMind co-founder Mustafa Suleyman switches to Google,2019-12-05
GOOG,bbc,Google city sparks fresh controversy,2019-06-25
GOOG,bbc,Google car pulled over for being too slow - BBC News,2015-11-13
GOOG,bbc,Huawei's next phone will not have Google apps,2019-08-29
GOOG,bbc,Google DeepMind's co-founder goes on leave,2019-08-21
GOOG,bbc,NHS staff trigger Google cyber-defences,2017-02-01
GOOG,bbc,Huawei Mate 30 phones launch without Google apps,2019-09-19
GOOG,bbc,Google blocks 'undeletable' app from Play store,2015-07-07
GOOG,bbc,Google loses 'right to be forgotten' case,2018-04-13
GOOG,bbc,Why magician Georges Méliès dey Google Doodle,2018-05-04
GOOG,bbc,Google bans crypto-mining apps from Play Store,2018-07-27
GOOG,bbc,Google executive leaves after sexual harassment claim,2018-10-31
GOOG,bbc,Google 'retaliating against harassment protest organisers',2019-04-23
GOOG,bbc,Cómo es viajar por el mundo con el nuevo Google Earth (y,2017-04-20
GOOG,bbc,FBI sought Google location data of many to catch robber,2018-08-16
GOOG,bbc,Turkey threatens Google with ban over hostage image,2015-04-07
GOOG,bbc,Google sued over 'sex discrimination',2017-09-14
GOOGL,bbc,Who is Sundar Pichai and what does Alphabet do?,2019-12-04
GOOGL,bbc,The cost of changing an entire country's alphabet,2018-04-25
GOOGL,bbc,Flavour alphabet: What A to Z tastes like,2015-02-20
GOOGL,bbc,Kazakhstan to Qazaqstan: Why would a country switch its,2017-10-30
GOOGL,bbc,Google unveils surprise restructuring under Alphabet,2015-08-10
GOOGL,bbc,TED 2018: Alphabet firm's tools to combat extremism,2018-04-13
GOOGL,bbc,'Future city' to be built in Canada by Alphabet company,2017-10-18
GOOGL,bbc,Softbank buys robot-maker Boston Dynamics from Alphabet,2017-06-08
GOOGL,bbc,India's strange obsession with 'alphabet soup',2017-03-07
GOOGL,bbc,Sue Grafton: Alphabet crime author dies aged 77,2017-12-30
GOOGL,bbc,Oduduwa Alphabet: Òmìnira èdè ti dé fún Port Novo báyìí,2019-01-15
GOOGL,bbc,"Apple, Amazon y Alphabet, ¿cuál será la primera empresa",2018-02-01
GOOGL,bbc,Alphabet: la sorpresiva nueva estructura de Google,2015-08-11
GOOGL,bbc,Google yajiimarisha kupitia Alphabet - BBC News Swahili,2015-08-11
GOOGL,bbc,谷歌宣佈重組成立新的Alphabet母公司,2015-08-11
GOOGL,bbc,"Apple, Amazon и Alphabet: гонка с призом в триллион",2018-02-02
GOOGL,bbc,Google ciptakan perusahaan induk bernama Alphabet,2015-08-11
GOOGL,bbc,Google'a çatı şirket geldi: Alphabet,2015-08-11
MSFT,bbc,Microsoft shares at new high as cloud focus pays off,2016-10-21
MSFT,bbc,Microsoft four-day work week 'boosts productivity',2019-11-04
MSFT,bbc,Microsoft deletes massive face recognition database,2019-06-07
MSFT,bbc,Microsoft: What went right under Satya Nadella?,2019-02-01
MSFT,bbc,The Interview | President of Microsoft - Brad Smith,2019-09-25
MSFT,bbc,Tay: Microsoft issues apology over racist chatbot fiasco,2016-03-25
MSFT,bbc,Microsoft halts listening in to Xbox gamers,2019-08-22
MSFT,bbc,Will Windows 10 prove a winner for Microsoft?,2015-07-29
MSFT,bbc,Microsoft staff: Do not use HoloLens for war,2019-02-22
MSFT,bbc,Microsoft sinks data centre off Orkney,2018-06-06
MSFT,bbc,Microsoft to stop producing Windows versions,2015-05-08
MSFT,bbc,Major win for Microsoft in 'free for all' data case - BBC News,2016-07-14
MSFT,bbc,Microsoft signals end of Paint program,2017-07-24
MSFT,bbc,Microsoft reveals details of Windows 10 usage tracking,2016-01-07
MSFT,bbc,Paul Allen: Microsoft co-founder and billionaire dies aged 65,2018-10-15
MSFT,bbc,Microsoft battles US over warrant for drugs case emails,2015-09-09
MSFT,bbc,Microsoft warns firms of technology 'distractions',2018-02-05
MSFT,bbc,Microsoft to cut 'thousands' of jobs,2017-07-06
MSFT,bbc,Microsoft to open UK data centres,2015-11-10
MSFT,bbc,Microsoft boss: World needs more computing power,2018-01-23
MSFT,bbc,Microsoft warns ransomware cyber-attack is a wake-up call,2017-05-15
MSFT,bbc,Microsoft to buy LinkedIn for $26bn,2016-06-13
MSFT,bbc,Microsoft hits out at Google team over bug report,2015-01-12
MSFT,bbc,Microsoft scraps Finland phone unit,2016-07-11
MSFT,bbc,"Microsoft bets on foldable, though not bendable, devices",2019-10-02
MSFT,bbc,Microsoft buys Github code-sharing site for $7.5bn,2018-06-04
MSFT,bbc,Microsoft beats Apple for biggest market value,2018-11-30
MSFT,bbc,NSA warns Microsoft Windows users of cyber-attack risk,2019-06-05
MSFT,bbc,Google and Microsoft agree to lawsuit truce,2015-10-01
MSFT,bbc,Microsoft pips Amazon for $10bn AI 'Jedi' contract,2019-10-26
MSFT,bbc,Microsoft's UK data centres power up cloud services,2016-09-07
MSFT,bbc,Microsoft HoloLens 2 augmented reality headset unveiled,2019-02-24
MSFT,bbc,Microsoft buys UK AI firm SwiftKey - BBC News,2016-02-03
MSFT,bbc,Microsoft removes store-blocking from Windows 10 Pro,2016-05-06
MSFT,bbc,Microsoft's Xbox boss apologises for go-go dancer party,2016-03-21
MSFT,bbc,Microsoft partners with old rival Linux Foundation,2016-11-17
MSFT,bbc,Microsoft gives up on Windows 10 Mobile,2017-10-09
MSFT,bbc,Microsoft staff 'suffering from PTSD' - BBC News,2017-01-12
MSFT,bbc,Microsoft gender-bias case to go ahead,2016-10-18
MSFT,bbc,Exposed files on Microsoft's document-sharing site,2017-03-28
MSFT,bbc,Microsoft AI plays a perfect game of Ms Pac-Man,2017-06-15
MSFT,bbc,Microsoft's Bing search engine inaccessible in China,2019-01-23
MSFT,bbc,Microsoft and Sony strike games streaming deal,2019-05-16
MSFT,bbc,Microsoft U-turn on 'nasty trick' pop-up,2016-05-25
MSFT,bbc,Microsoft tests underwater data centre,2016-02-02
MSFT,bbc,Microsoft sues US government over secret data requests,2016-04-14
MSFT,bbc,Microsoft's GitHub blocks Catalan protest app,2019-10-30
MSFT,bbc,Microsoft chatbot is taught to swear on Twitter,2016-03-24
MSFT,bbc,Microsoft's Bill Gates insists AI is a threat,2015-01-29
MSFT,bbc,Microsoft's pods teach blind children how to code,2019-01-22
MSFT,bbc,Microsoft Teams challenges work chat rival Slack,2016-11-02
MSFT,bbc,Taylor Swift 'tried to sue' Microsoft over racist chatbot Tay,2019-09-10
MSFT,bbc,Accenture and Microsoft plan digital IDs for millions of,2017-06-20
MSFT,bbc,Microsoft Paint: The man who makes art pixel-by-pixel,2017-07-25
MSFT,bbc,Microsoft seeks to clean up Xbox game chat with AI,2019-10-15
MSFT,bbc,Microsoft Paint avoids brush with death,2017-07-25
MSFT,bbc,Xiaomi buys Microsoft smartphone patents,2016-06-01
MSFT,bbc,Microsoft axes Groove Music service,2017-10-03
MSFT,bbc,E3: Microsoft unveils Xbox One S and teases Project Scorpio,2016-06-13
MSFT,bbc,Microsoft launches new Surface Pro,2017-05-23
MSFT,bbc,"Microsoft da marcha atrás con su ""truco sucio"" para que",2016-05-24
MSFT,bbc,Microsoft's Minecraft ends support on Apple TV,2018-10-09
MSFT,bbc,Bill Gates reduces Microsoft stake with $4.6bn donation,2017-08-15
MSFT,bbc,Microsoft teases Amazon Echo rival,2016-12-14
MSFT,bbc,Microsoft mulls Fable video game studio closure,2016-03-07
MSFT,bbc,"Microsoft, Sony and Nintendo quizzed over subscriptions",2019-04-05
MSFT,bbc,Nokia ex-boss Stephen Elop to leave Microsoft,2015-06-17
MSFT,bbc,Microsoft issues emergency patch for Explorer browser,2019-09-24
MSFT,bbc,Microsoft claims win over 'Russian political hackers',2018-08-21
MSFT,bbc,Xbox 360 games console discontinued by Microsoft,2016-04-20
MSFT,bbc,Twitch loses streaming star Ninja to Microsoft's Mixer,2019-08-01
MSFT,bbc,Huawei: Microsoft president seeks end to US tech ban,2019-09-19
MSFT,bbc,Microsoft to help track legalised marijuana sales,2016-06-17
MSFT,bbc,"Google, Amazon and Microsoft report rising profits",2017-04-28
MSFT,bbc,"Microsoft's eBook store: When this closes, your books",2019-04-03
MSFT,bbc,Microsoft Paint: Fans rejoice as art app saved 'for now',2019-04-24
MSFT,bbc,Microsoft tackles 'horrifying' Bing search results,2018-10-11
MSFT,bbc,"Iranian hackers targeted US 2020 campaign, says Microsoft",2019-10-04
MSFT,bbc,E3 2017: Microsoft unveils Xbox One X,2017-06-11
MSFT,bbc,Microsoft Excel blamed for gene study errors - BBC News,2016-08-25
MSFT,bbc,"Apple, Samsung and Microsoft react to Wikileaks' CIA dump",2017-03-08
MSFT,bbc,Dubai becomes first city to get its own Microsoft font,2017-05-01
MSFT,bbc,Gun emoji disarmed as Microsoft follows Google toy switch,2018-04-26
MSFT,bbc,Microsoft's new reality - HoloLens comes to UK,2016-10-12
MSFT,bbc,Microsoft patched 'NSA hack' Windows flaws before leak,2017-04-17
MSFT,bbc,Hackers used Microsoft Word bug 'for months' - BBC News,2017-04-27
MSFT,bbc,Microsoft Word AI 'to improve writing',2019-05-07
MSFT,bbc,Microsoft sells Nokia feature phones business,2016-05-18
MSFT,bbc,Minecraft ban reports investigated by Microsoft - BBC News,2015-03-11
MSFT,bbc,How the internet destroyed Microsoft's Twitter bot,2016-03-25
MSFT,bbc,Shirkadda Microsoft iyo Weeararka Xogta Kombuyuutarada,2017-05-15
MSFT,bbc,Umwarimu adasanzwe wo muri Ghana ari mu nama ya,2018-03-14
MSFT,bbc,Microsoft's Bing search engine restored in China,2019-01-24
MSFT,bbc,Keanu Reeves and other highlights from Microsoft's E3 event,2019-06-09
MSFT,bbc,Isheen Eenyu 5: Afrikaa Bahaatti hoggantuu olaantuu,2019-12-05
MSFT,bbc,Microsoft: el secreto del gigante tecnológico para superar,2019-04-26
MSFT,bbc,Microsoft responsabiliza a la Agencia de Seguridad,2017-05-15
MSFT,bbc,Surface Neo y Duo: los dos nuevos dispositivos plegables,2019-10-03
MSFT,bbc,Windows Phone: 5 razones por las que la incursión de,2017-10-09
MSFT,bbc,¿Cuánto paga Microsoft por tu currículum en LinkedIn?,2016-06-14
MSFT,bbc,Por qué Microsoft quiere que Estados Unidos levante el,2019-09-22
MSFT,bbc,Por qué debes activar las cuentas de Microsoft que no,2019-07-12
MSFT,bbc,cómo el experimento de reducir la semana laboral a 4 días,2019-11-05
MSFT,bbc,La histórica sentencia que ganó Microsoft para no tener,2016-07-15
MSFT,bbc,¿Por qué Microsoft instaló un centro de datos en el fondo,2016-02-03
MSFT,bbc,¿Por qué Microsoft se resiste a enterrar Paint?,2019-04-24
MSFT,bbc,3 razones por las que la empresa fundada por Bill Gates,2018-12-01
MSFT,bbc,Microsoft se da por vencido en su intento por competir con,2017-10-03
MSFT,bbc,Microsoft's Windows 10 gives Skye view,2015-07-08
MSFT,bbc,Los negocios fallidos de Microsoft - BBC News Mundo,2015-07-09
MSFT,bbc,One S y Proyecto Scorpio: el ambicioso plan de Microsoft,2016-06-14
MSFT,bbc,El ultimátum de Microsoft para que te instales Windows 10,2017-11-03
MSFT,bbc,La mujer que le ganó US$10.000 a Microsoft por,2016-06-28
MSFT,bbc,"Cómo Amazon, Microsoft y otras empresas ganan millones",2018-10-29
MSFT,bbc,"Tay, la robot racista y xenófoba de Microsoft",2016-03-25
MSFT,bbc,La grave falla de Microsoft Word que permite robar claves,2017-04-12
MSFT,bbc,4 desafíos que enfrenta Microsoft con su nuevo Windows 10,2015-01-21
MSFT,bbc,Microsoft y Sony ponen sus rivalidades a un lado para,2019-05-17
MSFT,bbc,"""travailler quatre jours par semaine stimule la productivité""",2019-11-06
MSFT,bbc,Microsoft dejará de dar soporte a Windows 7: ¿qué debes,2019-01-17
MSFT,bbc,El niño prodigio de 6 años que se hizo especialista de,2015-08-10
MSFT,bbc,"5 novedades del navegador de Microsoft, Spartan",2015-04-01
MSFT,bbc,10 míticas portadas de discos reimaginadas con Microsoft,2017-07-25
MSFT,bbc,El ambicioso proyecto que llevó al cofundador de Microsoft,2016-06-21
MSFT,bbc,"5 predicciones que Bill Gates, el fundador de Microsoft",2017-07-06
MSFT,bbc,"Por qué Bill Gates, el fundador de Microsoft, dice que las",2018-03-01
MSFT,bbc,Cómo Microsoft le ganó a Amazon el gigantesco contrato,2019-10-28
MSFT,bbc,"4 apasionantes profesiones del futuro, según Microsoft",2016-08-24
MSFT,bbc,Qué significa el fin del apoyo técnico de Microsoft a,2016-01-13
MSFT,bbc,Cómo son las gafas HoloLens de Microsoft que el ejército,2018-12-04
MSFT,bbc,Microsoft в Японии попробовал давать выходные по,2019-11-05
MSFT,bbc,"Mines de cobalt en RDC: Google, Apple, Microsoft",2019-12-17
MSFT,bbc,Вартість Microsoft сягнула трильйона доларів. Раніше,2019-04-26
MSFT,bbc,"Las 8 canciones y el libro que Bill Gates, fundador de",2016-02-01
MSFT,bbc,Microsoft responds to female harassment claims,2019-04-05
MSFT,bbc,QEPD Internet Explorer: Microsoft sustituye su navegador,2015-03-18
MSFT,bbc,"Como Amazon, Microsoft e outras empresas ganham",2018-11-01
MSFT,bbc,"Xbox One S ""solo digital"" de Microsoft: ¿le llegó el ""game",2019-04-19
MSFT,bbc,Bill Gates: cómo el proyecto del fundador de Microsoft para,2019-12-05
MSFT,bbc,Microsoft: Shambulizi la Kompyuta liwe funzo,2017-05-15
MSFT,bbc,Умер один из основателей Microsoft Пол Аллен,2018-10-16
MSFT,bbc,"Microsoft придбав сервіс Github за $7,5 млрд",2018-06-04
MSFT,bbc,Wafanyakazi wa Microsoft 'husikiliza' baadhi ya simu za,2019-08-08
MSFT,bbc,Shirkadda Microsoft oo dacweyneysa US - BBC News Somali,2016-04-15
MSFT,bbc,Помер мільярдер та співзасновник Microsoft Пол Аллен,2018-10-16
MSFT,bbc,Por que a Microsoft culpa governos pelo ciberataque que,2017-05-15
MSFT,bbc,Microsoft yoo ran olukọ to n f'ẹfun kọ akẹkọ ni kọmputa lọwọ,2018-03-01
MSFT,bbc,Microsoft: Windows 10 станет последней версией Windows,2015-05-08
MSFT,bbc,Глава Microsoft рассказал о роли АНБ в глобальной,2017-05-15
MSFT,bbc,Microsoft удалила рекламный ролик с Иваном,2018-12-05
MSFT,bbc,DERGİ - Microsoft dünyanın en sessiz odasını neden yaptı?,2017-05-29
MSFT,bbc,"Microsoft, Paint programını kaldırmama kararı aldı",2017-07-25
MSFT,bbc,Робот Microsoft за сутки превратился в расиста и,2016-03-24
MSFT,bbc,Mwalimu aliyefundisha kompyuta ubaoni aalikwa na,2018-03-14
MSFT,bbc,Project Silica: Microsoft'tan 'yüzlerce yıl dayanabilecek' veri,2019-11-05
MSFT,bbc,Microsoft продає бренд Nokia,2016-05-18
MSFT,bbc,Paul Allen: 'Servetimin çoğunu bağışlayacağım' diyen ve,2018-10-16
MSFT,bbc,"Microsoft: Rus hacker grubu Süslü Ayı'yı engelledik, ABD'",2018-08-21
MSFT,bbc,"Tribunal de India prohíbe a Google, Microsoft y Yahoo",2015-01-28
MSFT,bbc,Pentagon'un 10 milyar dolarlık ihalesini Microsoft kazandı,2019-10-26
MSFT,bbc,Microsoft назвала масштабну кібератаку тривожним,2017-05-15
MSFT,bbc,Kara tahtada bilgisayar öğreten öğretmene Microsoft'tan,2018-03-01
MSFT,bbc,Иллюстратор Патрик Хайнс и его любовь к Microsoft Paint,2017-07-25
MSFT,bbc,Microsoft efsanevi program Paint'i kaldırıyor,2017-07-24
MSFT,bbc,"Amazon, Microsoft'u da geçti, dünyanın en değerli halka",2019-01-08
MSFT,bbc,"Microsoft'un CEO'su Satya Nadella 42,9 milyon dolar",2019-10-17
MSFT,bbc,"Microsoft, verileri denizin altında depolayacak",2016-02-02
MSFT,bbc,Программа презентаций Microsoft PowerPoint: от любви,2019-08-04
MSFT,bbc,"Ulah pemerintah picu serangan siber, kata Microsoft",2017-05-15
MSFT,bbc,Microsoft yazindua laptopu mpya - BBC News Swahili,2015-10-07
MSFT,bbc,Microsoft Paint ile 32 yıldır piksel piksel resim yapan adam,2017-07-26
MSFT,bbc,"Microsoft LinkedIn'i 26,2 milyar dolara satın alıyor",2016-06-13
MSFT,bbc,Глава Microsoft: премьера Windows 10 знаменует новую,2015-07-29
MSFT,bbc,Dubai mendapat jenis huruf khusus dari Microsoft,2017-05-01
MSFT,bbc,"Korti yakwaza Google, Yahoo na Microsoft",2015-01-28
MSFT,bbc,Microsoft выпустит Windows 10 уже в конце июля,2015-06-02
MSFT,bbc,"Microsoft выпустила пасьянс ""Косынка"" для смартфонов",2016-11-23
MSFT,bbc,Microsoft membeli LinkedIn senilai Rp346 triliun,2016-06-14
MSFT,bbc,Microsoft прекращает производство игровых приставок,2016-04-21
TSLA,bbc,Elon Musk: SpaceX and Tesla alive 'by skin of their teeth',2018-03-11
TSLA,bbc,Tesla investigates claims of crypto-currency hack,2018-02-21
TSLA,bbc,Tesla sued by Walmart over solar panel fires,2019-08-21
TSLA,bbc,Tesla directors: 'No formal proposal' to take company private,2018-08-14
TSLA,bbc,Elon Musk reaches deal over tweets about taking Tesla,2018-09-29
TSLA,bbc,Tesla agrees $2.6bn deal to buy SolarCity,2016-08-01
TSLA,bbc,Belgrade Nikola Tesla Airport - BBC Weather,2018-01-24
TSLA,bbc,Fiat to pool with Tesla to avoid EU fines,2019-04-07
TSLA,bbc,Elon Musk says Saudis back Tesla buyout,2018-08-13
TSLA,bbc,Elon Musk pulls Tesla and SpaceX from Facebook,2018-03-23
TSLA,bbc,Tesla and Walmart address solar panel fire issues,2019-08-23
TSLA,bbc,Tesla shows off new truck and surprise Roadster,2017-11-17
TSLA,bbc,Tesla Model 3: Autopilot engaged during fatal crash,2019-05-17
TSLA,bbc,World's biggest battery: a look around Tesla project,2018-09-30
TSLA,bbc,Crawley Tesla fire: Half of site damaged in fire,2019-03-02
TSLA,bbc,"el vergonzoso lanzamiento del ""Cybertruck"" de Elon Musk",2019-11-22
TSLA,bbc,"Tesla: quién es Robyn Denholm, la mujer que sustituye a",2018-11-09
TSLA,bbc,El hombre que asegura que el piloto automático de su,2016-08-09
TSLA,bbc,A dónde se dirige el auto Tesla lanzado al espacio por,2018-02-07
TSLA,bbc,"Quién es Elon Musk, el multimillonario creador de Tesla",2018-02-11
TSLA,bbc,"Tesla: por qué se rompió el vidrio de la ""Cybertruck"", según",2019-11-25
TSLA,bbc,Elon Musk anuncia que Tesla seguirá cotizando en bolsa,2018-08-25
TSLA,bbc,"Tesla: el inesperado desenlace del lanzamiento del """,2019-11-22
TSLA,bbc,¿Por qué el mercado considera exitosas a empresas como,2017-02-27
TSLA,bbc,La innovadora (¿y arriesgada?) apuesta de Tesla de,2019-03-01
TSLA,bbc,"NIO, el rival chino de Tesla que quiere desbancar a Elon",2019-04-09
TSLA,bbc,"Tesla ""Ludicrous Mode"": el auto comercial más rápido del",2016-08-24
TSLA,bbc,Electric carmaker Tesla to build factory in Shanghai,2018-07-10
TSLA,bbc,Un auto Tesla estalla envuelto en llamas en una,2018-06-17
TSLA,bbc,El atrapasueños tecnológico que ayuda a recordar lo,2018-07-07
TSLA,bbc,5 predicciones del inventor Nikola Tesla que se hicieron,2018-01-15
TSLA,bbc,Elon Musk - Sacar a Tesla de la bolsa es la mejor opción,2018-08-08
TSLA,bbc,"Por qué acusan a Apple, Google, Tesla y otras compañías",2019-12-17
TSLA,bbc,Businessman gifts Tesla electric car to Riverside Museum,2018-03-07
TSLA,bbc,Tesla 'hires' witty museum sheep tweeter,2019-05-22
TSLA,bbc,"Las baterías con las que Tesla espera ""cambiar el",2015-05-01
TSLA,bbc,Powerful 7 Tesla MRI scanner arrives in Glasgow,2016-11-27
TSLA,bbc,Serbian activists vow to defend Nikola Tesla's urn,2017-06-06
TSLA,bbc,"De Uber a Tesla, las empresas que valen miles",2019-10-02
TSLA,bbc,Elon Musk'ın şirketi Tesla'dan 710 milyon dolarlık rekor zarar,2018-05-03
TSLA,bbc,Tesla yasohoye amafoto y'imodoka izimbutse igiye gushira,2017-07-09
TSLA,bbc,5 previsões do inventor Nikola Tesla que se tornaram,2018-01-25
TSLA,bbc,Mini Tesla donated for children at Swindon hospital,2019-04-18
TSLA,bbc,SpaceX запустила в космос ракету Falcon Heavy с,2018-02-06
TSLA,bbc,Así es la megafábrica de 13 km2 con la que Tesla y Elon,2016-07-28
TSLA,bbc,Como a Tesla se tornou a montadora mais valorizada dos,2017-04-16
TSLA,bbc,"A história de Nikola Tesla, o excêntrico inventor rival",2017-12-22
TSLA,bbc,"Tesla, do milionário Elon Musk, vai demitir 3 mil",2019-01-18
TSLA,bbc,Гигантская батарея Tesla заработала в Австралии,2017-12-01
TSLA,bbc,Автопілот Tesla протаранив припарковане поліцейське,2018-05-31
TSLA,bbc,Fabricante de carros elétricos Tesla supera a Ford em,2017-04-04
TSLA,bbc,"Quem é Elon Musk, o multimilionário fundador da Tesla",2018-02-12
TSLA,bbc,"O que leva Apple, Google, Tesla e outras empresas a",2019-12-17
TSLA,bbc,В Австралии запустили крупнейшее батарейное,2017-12-01
TSLA,bbc,"Tesla CEO'su Elon Musk, Twitter mesajıyla yeniden",2019-02-26
TSLA,bbc,Основателя Tesla Илона Маска обвинили в,2018-09-28
TSLA,bbc,Tesla: el genio que hace 100 años intentó construir una,2019-01-12
TSLA,bbc,Tesla'nın kurucusu Elon Musk yeni araçlarını tanıttı,2017-11-17
TSLA,bbc,Tesla Маска мандрує у космосі під Боуї,2018-02-07
TSLA,bbc,Tesla yeni arabalarının tümünü sürücüsüz araç olarak,2016-10-20
TSLA,bbc,Nikola Tesla - zašto je (ne)bitno da li je Srbin ili Hrvat,2019-08-14
TSLA,bbc,Elon Musk: Tesla'yı borsadan çekme tweetini atarken esrar,2018-08-17
TSLA,bbc,Tesla Manaf gitaris Indonesia yang mendunia,2015-02-10
TSLA,bbc,Tesla Маска путешествует в космосе под Боуи,2018-02-07
TSLA,bbc,Tesla 702 milyon dolar zarar açıkladı,2019-04-25
TSLA,bbc,"Tesla, Çin'de ürettiği ilk otomobilleri teslim etti",2019-12-30
TSLA,bbc,"Elon Musk, Tesla Yönetim Kurulu Başkanlığından ayrılıp 20",2018-09-30
TSLA,bbc,Tesla marka araç ölümlü kazada otopilottaydı,2018-03-31
TSLA,bbc,Tesla Cybertruck: Elon Musk sahnede zor anlar yaşadı,2019-11-22
TSLA,bbc,Wachina wadukua programu ya gari la umeme la Tesla,2016-09-21
TSLA,bbc,Tesla otomobil akciğer embolisi geçiren sürücüsünü,2016-08-09
TSLA,bbc,Tesla kuzindua gari la kielektroniki la bei ya chini,2016-04-01
TSLA,bbc,Elon Musk'a borsa dolandırıcılığı davası: Tesla yöneticiliği,2018-09-28
TSLA,bbc,"Tesla, Elon Musk'ın yerine Robyn Denholm'ü yeni yönetim",2018-11-08
TSLA,bbc,Tesla'nın Avustralya'daki 'mega pili' çalıştırıldı,2017-12-01
TSLA,bbc,Elon Musk bos Tesla dituding melakukan penipuan sekuritas,2018-09-29
TSLA,bbc,Tesla ya fito da mota maituka kanta - BBC News Hausa,2015-10-16
TSLA,bbc,Elon Musk: multa millonaria y fuera de la presidencia de,2018-09-29
TSLA,bbc,"Ferrari, Tesla ile rekabet edebilmek için elektrikli araç",2018-01-17
TSLA,bbc,Kalashnikov asal Rusia luncurkan mobil listrik untuk,2018-08-25
TSLA,bbc,Kecelakaan mobil Tesla akan diselidiki oleh pihak,2016-07-01
TSLA,bbc,"Tesla меняет планы: магазины закроют не все, но цены",2019-03-11
TSLA,bbc,Elon Musk ən ucuz Tesla modelini təqdim edib,2017-07-29
TSLA,bbc,"Tesla Cybertruck: Elon Musk, 'cam skandalına' rağmen",2019-11-25
TSLA,bbc,Tesla-nın bütün yeni maşınları sürücüsüz olacaq,2016-10-20
TSLA,bbc,Tesla yapata oda 276000 za magari ya umeme,2016-04-04
TSLA,bbc,Tesla представила новий броньований пікап. Але з,2019-11-22
TSLA,bbc,Tesla Cybertruck: Elon Musk-ın yeni avtomobili üçün,2019-11-24
TSLA,bbc,"Илону Маску сулят много денег, если Tesla станет",2018-03-18
TSLA,bbc,Раздосадованные инвесторы Tesla подали в суд на Маска,2018-08-11
TSLA,bbc,Маск выходит из совета директоров Tesla на фоне,2018-09-30
TSLA,bbc,Илон Маск показал новый электрокар Tesla Model 3,2017-07-09
TSLA,bbc,"Как Маск всех озадачил, или Станет ли Tesla частной",2018-08-09
TSLA,bbc,O polêmico tuíte que levou Elon Musk e a Tesla a serem,2018-08-15
TSLA,bbc,Tesla объяснила новую аварию своего электрокара,2016-07-14
TSLA,bbc,"""Берлин крут"". Илон Маск строит первый завод Tesla в",2019-11-13
TSLA,bbc,"Илон Маск сказал, что стекло новой Tesla не бьется. Зря",2019-11-22
TSLA,bbc,Что ждет кабриолет Tesla Илона Маска в космосе?,2018-02-16
TSLA,bbc,Elon Musk: 'Tesla e SpaceX por pouco não foram à falência',2018-03-12
TSLA,bbc,"Caminhonete 'indestrutível' da Tesla, de Elon Musk, é",2019-11-22
TSLA,bbc,Создатель Tesla Илон Маск поссорился с художником,2018-06-28
TSLA,bbc,Что случилось с Илоном Маском? Удержится ли он в,2018-09-28
TSLA,bbc,Tesla устранила уязвимость после удаленного взлома,2016-09-21
TSLA,bbc,Цена откровенности. Илон Маск изливает душу,2018-08-18
TSLA,bbc,Автопилот Tesla ставит под угрозу пассажиров,2015-10-22
TSLA,bbc,Elon Musk'tan 1 Nisan şakası: Tesla iflas etti,2018-04-02
TSLA,bbc,Tesla i Pupin: Šta piše u novootkrivenim pismima,2019-03-12
TSLA,bbc,Elon Musk apaga páginas da Tesla e SpaceX do Facebook,2018-03-25
TSLA,bbc,Acusações de fraude podem derrubar Elon Musk do,2018-09-28
TSLA,bbc,特斯拉發佈「買得起」的電能汽車- Model 3,2016-04-01
TSLA,bbc,BBC Audio | Profile | Elon Musk,2015-12-19
TSLA,bbc,Do Elon Musk's radical work ideas add up?,2018-05-04
TSLA,bbc,Elon Musk is playing a dangerous game,2018-08-08
TSLA,bbc,Elon Musk reveals brain-hacking plans,2019-07-17
TSLA,bbc,"Elon Musk: Walking out of meetings, and other advice from",2018-04-19
TSLA,bbc,Elon Musk smokes marijuana live on web show,2018-09-07
TSLA,bbc,Elon Musk and Jack Ma disagree about AI's threat,2019-08-29
TSLA,bbc,Elon Musk fans targeted in crypto-cash scam,2018-03-06
TSLA,bbc,Elon Musk will no longer take Tesla private,2018-08-25
TSLA,bbc,Elon Musk: Just walk out of bad meetings,2018-04-18
TSLA,bbc,"'Ivyogajuru bizohuza imiji y'isi mu minuta mike', Elon Musk",2017-10-01
TSLA,bbc,Elon Musk follow for Thai cave rescue? - BBC News Pidgin,2018-07-10
TSLA,bbc,La polémica entre Elon Musk y el rescatista de los niños,2018-07-16
TSLA,bbc,"Elon Musk Falcon Heavy rocket blast enter space, no shaking",2018-02-07
TSLA,bbc,cuál es el plan de Elon Musk para rescatar a los niños,2018-07-06
TSLA,bbc,el email de Elon Musk en el que acusa a un empleado,2018-06-19
TSLA,bbc,Elon Musk says 'pedo guy' tweet was not accusation,2019-09-16
TSLA,bbc,Elon Musk launches high-speed underground tunnel,2018-12-19
TSLA,bbc,El plan de Elon Musk para reconstruir la destrozada red,2017-10-06
TSLA,bbc,Elon Musk faces trial over 'pedo' tweet,2019-05-11
TSLA,bbc,Elon Musk gana el juicio por difamación por llamar,2019-12-07
TSLA,bbc,Elon Musk ya harba rokar dauke da mota zuwa duniyar Mars,2018-02-06
TSLA,bbc,Por qué Elon Musk cree que Mark Zuckerberg no entiende,2017-07-26
TSLA,bbc,El cohete Falcon Heavy de Elon Musk despega desde,2018-02-06
TSLA,bbc,Módulo Dragon de SpaceX: cómo es la nave con que Elon,2019-03-03
TSLA,bbc,Elon Musk'a savaş açan hissedarlara tepki,2018-06-05
TSLA,bbc,Elon Musk: 2008'de iflasın eşiğinden döndüm,2018-03-12
TSLA,bbc,Elon Musk'a göre verimli olmanın 5 yolu,2018-04-23
TSLA,bbc,"Elon Musk bị phạt 20 triệu đôla, phải từ chức chủ tịch",2018-09-30
TSLA,bbc,Elon Musk in new rant at Thai cave rescuer,2018-09-05
TSLA,bbc,A misteriosa e exclusiva escola criada por Elon Musk para,2018-02-15
TSLA,bbc,Elon Musk sued for libel by British Thai cave rescuer,2018-09-17
TSLA,bbc,"Elon Musk, Twitter'da 'Adamsan silersin' çağrısı üzerine",2018-03-24
TSLA,bbc,Đời sống đa sắc màu của doanh nhân công nghệ Elon Musk,2018-09-20
TSLA,bbc,Como Elon Musk quer criar 'vida eterna' transferindo,2018-09-24
TSLA,bbc,Elon Musk'tan Mars yönetim şekli vizyonu,2018-06-17
TSLA,bbc,Russos parodiam Elon Musk e enviam réplica de Lada da,2019-06-13
TSLA,bbc,NeuraLink: Kampuni ilioanzishwa na Elon Musk ina,2019-07-17
TSLA,bbc,SpaceX'in tuhaf serüveni: Elon Musk spor arabayı uzaya,2018-02-08
TSLA,bbc,Resgate na Tailândia: Como plano de Elon Musk acabou,2018-07-16
TSLA,bbc,Como terminou a tentativa de Elon Musk de ajudar no,2018-07-10
TSLA,bbc,As estratégias sugeridas por Elon Musk para resgatar,2018-07-06
TSLA,bbc,Yusaku Maezawa: Elon Musk azindua mtalii kwa kwanza,2018-09-18
TSLA,bbc,Mãe do bilionário Elon Musk faz sucesso como modelo,2018-01-30
TSLA,bbc,"Elon Musk, Jeff Bezos, Richard Branson",2018-10-25
TSLA,bbc,Dünyanın en güçlü roketini spor arabayla uzaya gönderen,2018-02-09
TSLA,bbc,"Quem é Kimbal, o irmão 'genial' de Elon Musk",2018-04-08
TSLA,bbc,Elon Musk: Terfi alamayan bir çalışanımız Tesla'yı sabote etti,2018-06-19
TSLA,bbc,"Elon Musk, yüksek hızlı araç tünelini tanıttı",2018-12-19
TSLA,bbc,Elon Musk'ın insan beynini bilgisayara bağlamaya çalışan,2019-07-17
TSLA,bbc,Elon Musk telefon numarasını Twitter'dan 16 milyon,2017-12-20
TSLA,bbc,Elon Musk: após chamar mergulhador de pedófilo,2018-12-28
TSLA,bbc,Cuitan Elon Musk soal penyelam gua Thailand bisa,2018-07-17
TSLA,bbc,Elon Musk canlı yayında esrar içti,2018-09-07
TSLA,bbc,Elon Musk-un raketi Marsa onun qırmızı avtomobilini də,2018-02-07
TSLA,bbc,Elon Musk'ın şirketi SpaceX'in yaptığı dünyanın en güçlü,2018-02-06
TSLA,bbc,"Perjalanan ke Mars versi Elon Musk dengan biaya Rp2,5",2016-09-28
TSLA,bbc,Elon Musk'ın şirketi SpaceX'in roketi ABD adına gizli,2018-01-08
